Insee - Statistiques locales; ; ; ; 
Référentiel géographique : France par intercommunalité; ; ; ; 
Code;Libellé;Population municipale 2020;Répartition de la pop. en 3 classes d'âges 2019 - Moins de 25 ans;Répartition de la pop. en 3 classes d'âges 2019 - Entre 25 et 64 ans;Répartition de la pop. en 3 classes d'âges 2019 - 65 ans ou plus;Part des pers. âgées de 25 à 64 ans 2019
200000172;CC Faucigny-Glières;27218;8276;14855;4049;54.7
200000438;CC du Pays de Pontchâteau Saint-Gildas-des-Bois;35917;11123;18040;6493;50.6
200000545;CC des Portes de Romilly-sur-Seine;18739;5465;8713;4415;46.9
200000628;CC Rhône Lez Provence;24224;6801;11653;5384;48.9
200000800;CC Cœur de Sologne;10437;2613;5175;2729;49.2
200000925;CC de la Plaine Dijonnaise;22009;6687;11790;3573;53.5
200000933;CC Sauldre et Sologne;14511;3307;7005;4243;48.1
200004802;CC du Pays de Fayence;28550;7232;14010;7024;49.6
200005932;CC des Portes de Sologne;15489;4273;7847;3321;50.8
200005957;CC de la Région de Rambervillers;12958;3854;6341;2804;48.8
200006682;CA Beaune, Côte et Sud - Communauté Beaune-Chagny-Nolay;50678;13381;26025;11801;50.8
200006716;CC du Nogentais;16712;4925;8531;3335;50.8
200006930;CC du Haut Allier;5170;1218;2497;1473;48.1
200006971;CC du Perche;18056;4593;8369;5157;46.2
200007052;CC de la Marche Berrichonne;5571;977;2554;2090;45.4
200007177;CC Pays de Nérondes;4764;1225;2304;1303;47.7
200010650;CA du Grand Dole;54514;15333;26740;12553;49
200010700;CA Caux Seine Agglo;77889;23759;39570;14676;50.7
200011773;CA Annemasse-les Voirons-Agglomération;92176;27492;49980;13089;55.2
200011781;CC Portes du Berry entre Loire et Val d'Aubois;9511;2397;4754;2389;49.8
200013050;CC Sauer-Pechelbronn;17394;4413;9335;3631;53.7
200015162;CC de l'Oriente;6032;1198;3132;1694;52
200016905;CC du Pays de Lamastre;6695;1464;3320;1927;49.5
200017341;CC Lodévois et Larzac;14792;3828;7276;3660;49.3
200017846;CA Étampois Sud-Essonne;55281;18054;28196;8423;51.6
200018083;CC de Desvres-Samer;23289;7408;11804;4089;50.7
200018166;CC Le Grésivaudan;102259;30135;52940;19114;51.8
200018406;CC du Romorantinais et du Monestois;33817;8579;16172;8815;48.2
200018521;CC du Val de Bouzanne;5979;1458;2984;1543;49.8
200018653;CA Cap Excellence;97762;32657;50213;16663;50.4
200022986;CC du Grand Pic Saint-Loup;50490;13889;25374;10413;51.1
200023075;CC du Pays de Maîche;18672;5340;9754;3527;52.4
200023125;CC Les Portes Briardes entre Villes et Forêts;45988;14690;23841;7406;51.9
200023240;CC Pays de Nemours;29469;8666;15008;5899;50.7
200023299;CC Cœur de Tarentaise;9094;2470;4919;1748;53.8
200023307;CA du Grand Villeneuvois;47561;12347;22259;12964;46.8
200023372;CC de la Vallée de Chamonix-Mont-Blanc;13296;3361;7282;2467;55.5
200023414;Métropole Rouen Normandie;496629;159306;242661;92332;49.1
200023620;CC de la Gascogne Toulousaine;22505;7090;11957;3252;53.6
200023737;CA du Grand Cahors;42142;10293;20587;10914;49.3
200023778;CA du Pays de Saint-Gilles-Croix-de-Vie;51560;10357;22359;17595;44.4
200023794;CC de Blaye;20151;5299;10334;4446;51.5
200023919;CC Gâtinais Val de Loing;18546;5400;9256;4006;49.6
200026573;CC Haut-Jura Saint-Claude;19793;5254;9946;4809;49.7
200027027;CC Arc Sud Bretagne;28448;7227;13413;7485;47.7
200027076;CC Arnon Boischaut Cher;8012;1875;3951;2254;48.9
200027100;CC Méditerranée Porte des Maures;45871;10160;21422;13110;47.9
200027183;CU Perpignan Méditerranée Métropole;270610;75246;129008;65947;47.7
200027217;CC Sarlat-Périgord Noir;16106;3394;8153;4538;50.7
200027308;CC d'Auberive Vingeanne et Montsaugeonnais;8178;2055;4187;2012;50.7
200027548;CC des Savanes;29633;14110;14087;1576;47.3
200029734;CC des 4B Sud Charente;19926;4854;9767;5300;49
200029999;CC Rives de l'Ain - Pays du Cerdon;14664;4360;7579;2731;51.7
200030195;Métropole Nice Côte d'Azur;553305;148848;269847;131802;49
200030385;CA de Blois Agglopolys;106117;30755;51569;23121;48.9
200030435;CC d'Aire-sur-l'Adour;12850;3046;6259;3559;48.7
200030526;CC du Ried de Marckolsheim;20425;6051;10865;3414;53.4
200030633;CA du Caudrésis et du Catésis;63789;20126;31928;12070;49.8
200030658;CC du Trièves;10178;2694;5022;2404;49.6
200030674;CA Val de Garonne Agglomération;60159;15592;28801;15833;47.8
200032514;CC Berry-Loire-Vauvise;5435;1246;2697;1519;49.4
200033025;CA de Bar-le-Duc - Sud Meuse;33980;8773;17016;8433;49.7
200033090;CC Plaines et Monts de France;25413;8816;13747;2504;54.8
200033116;CC Cluses-Arve et Montagnes;46553;14328;24506;7327;53.1
200033173;CC de la Haute Vallée de Chevreuse;24989;7005;12481;5576;49.8
200033181;CA Chartres Métropole;136800;40379;69533;26626;50.9
200033298;CC des Coëvrons;27182;7812;12886;6443;47.5
200033579;CU d'Arras;109592;32908;55177;20628;50.8
200033827;CC de Fium'orbu Castellu;13130;3295;6671;3093;51.1
200033868;CC des Ballons des Hautes-Vosges;14877;3537;7386;4064;49.3
200034023;CC Tarn-Agout;29450;8429;14980;5825;51.2
200034031;CC des Monts d'Alban et du Villefranchois;6417;1491;3276;1660;51
200034049;CC Centre Tarn;11173;2931;5611;2576;50.5
200034056;CC du Lautrécois et du Pays d'Agout;14317;3718;7389;3249;51.5
200034064;CC du Cordais et du Causse (4 C);5016;1037;2342;1640;46.7
200034098;CC des Montagnes du Giffre;12126;3219;6643;2280;54.7
200034130;CC Gally Mauldre;22184;6756;10940;4404;49.5
200034197;CC de Montaigne Montravel et Gurson;11946;3029;5868;3113;48.9
200034205;CC de la Costa Verde;10748;2404;5450;2871;50.8
200034270;CC du Pays de Barr;24119;6449;12997;4732;53.8
200034379;CC Pays d'Uzès;29036;6905;13822;8234;47.7
200034411;CC du Piémont Cévenol;22136;5477;11103;5449;50.4
200034601;CC Causses Aigoual Cévennes;5313;1035;2649;1668;49.5
200034635;CC du Kochersberg;26538;7105;13942;5083;53.4
200034692;CA du Gard Rhodanien;74755;20209;38051;16385;51
200034700;CA Durance-Lubéron-Verdon Agglomération;63316;16284;30700;15579;49.1
200034718;CC de Vitry, Champagne et Der;23654;6185;11879;5577;50.2
200034726;CC Bastides de Lomagne;11285;2843;5577;2834;49.6
200034825;CA du Grand Guéret;28427;6999;14415;7113;50.5
200034833;CC des Bastides Dordogne-Périgord;18625;3568;8832;6242;47.4
200034874;CC Côtes de Meuse Woëvre;5983;1685;3168;1124;53
200034882;CC Pays du Mont-Blanc;45436;11939;24019;9222;53.2
200034957;CC du Frontonnais;27716;8615;14448;4155;53.1
200035087;CA Terre de Provence;59920;16272;30507;12995;51
200035103;CC de la Vallée de la Haute Sarthe;7500;2099;3673;1783;48.6
200035111;CC des Sources de l'Orne;11919;3359;5629;2925;47.2
200035129;CC de Cèze Cévennes;19191;4109;9114;6004;47.4
200035137;CC Marche Occitane - Val d'Anglin;6563;1216;3110;2284;47
200035202;CC Charlieu-Belmont;23513;6279;11471;5703;48.9
200035319;CA Estérel Côte d'Azur Agglomération;116830;26339;53205;36724;45.8
200035327;CC Cazals-Salviac;5372;1025;2495;1846;46.5
200035442;CC du Sud-Artois;27142;8204;13910;5117;51.1
200035533;CC du Grand Saint-Émilionnais;14314;3746;7499;3166;52
200035541;CC des Landes d'Armagnac;10782;2339;5187;3262;48.1
200035632;CC Armagnac Adour;6685;1405;3285;2098;48.4
200035707;CC Piège Lauragais Malepère;16042;4292;7715;3868;48.6
200035715;CA Carcassonne Agglo;113933;30349;56156;27428;49.3
200035723;CC Ventoux Sud;9538;2408;4953;2113;52.3
200035731;CA Roannais Agglomération;100914;26650;47433;26179;47.3
200035756;CC Astarac Arros en Gascogne;7176;1511;3601;2074;50.1
200035764;CC de la Beauce Loirétaine;16905;5327;8818;2769;52.1
200035772;CC du Pays du Saintois;14259;4085;7509;2720;52.5
200035814;CA Flers Agglo;53227;14424;25608;13522;47.8
200035848;CC du Châtillonnais en Berry;5656;1099;2433;2160;42.7
200035855;CC Castelnaudary Lauragais Audois;27723;7831;13714;5832;50.1
200035863;CC Région Lézignanaise, Corbières et Minervois;33259;8682;16123;8631;48.2
200035970;CC Vexin Centre;24861;7742;13186;3839;53.2
200036069;CC du Pays de Mortagne-au-Perche;13525;3379;6469;3727;47.7
200036077;CC du Golfe de Saint-Tropez;57844;13000;28636;15653;50
200036135;CC Cœur de France;18224;4116;8431;5755;46.1
200036150;CC des Hauts du Val de Saône;8393;1985;3926;2519;46.6
200036465;CC de Thann-Cernay;37472;10103;19642;7643;52.5
200036473;CA de Saintes;60447;14796;29744;15570;49.5
200036499;CC de Marana-Golo;24425;6896;13352;3783;55.6
200036523;CC des Bastides en Haut-Agenais Périgord;16988;3827;8028;5124;47.3
200036549;CC Val de Gray;20372;5469;9814;5158;48
200037059;CC de la Haute Somme (Combles - Péronne - Roisel);26767;7466;13661;5924;50.5
200037133;CC du Provinois;34631;11085;17456;6150;50.3
200038958;CC de la Pieve de l'Ornano et du Taravo;13117;2490;6526;3946;50.3
200038990;CC de Saint-Méen Montauban;26808;8487;13285;4864;49.9
200039022;CA Vitré Communauté;82158;26073;41873;13743;51.3
200039055;CC Ouche et Montagne;10995;3018;5666;2209;52
200039063;CC Forêts, Seine et Suzon;7066;1853;3467;1716;49.3
200039204;CC de Lacq-Orthez;52674;13783;26172;12862;49.6
200039519;CC du Quercy Blanc;7740;1592;3728;2416;48.2
200039642;CC Le Tonnerrois en Bourgogne;15332;3524;7477;4518;48.2
200039709;CC du Serein;7110;1508;3678;1987;51.3
200039758;CC Avallon, Vézelay, Morvan;18503;4308;9182;5118;49.3
200039808;CC des Gorges de l'Ardèche;15460;3331;7602;4434;49.5
200039824;CC Ardèche des Sources et Volcans;9742;2168;4597;2938;47.4
200039832;CC Pays des Vans en Cévennes;9397;1906;4388;3044;47
200039857;CA du Pays de Grasse;100328;27396;51537;21229;51.5
200039865;Metz Métropole;227374;66800;115843;42220;51.5
200039907;CC du Sud Messin;16685;4867;9036;2633;54.6
200039915;CA Cannes Pays de Lérins;157873;37311;77368;45095;48.4
200039931;CC Alpes d'Azur;9749;2243;4786;2628;49.6
200039949;CC Rives de Moselle;52774;14706;27563;10044;52.7
200040038;CC Saône Doubs Bresse;12136;3340;6242;2623;51.1
200040095;CC Isle Vern Salembre en Périgord;18812;4559;9140;5137;48.5
200040111;CC Cœur de Chartreuse;17067;4741;8821;3490;51.7
200040137;CC des Lacs de Champagne;9195;2250;4605;2441;49.5
200040178;CC de l'Outre-Forêt;16184;4209;8966;3015;55.4
200040202;CC Provence Verdon;22485;5800;10990;5478;49.4
200040210;CC Lacs et Gorges du Verdon;9144;1893;4389;2886;47.9
200040244;CA du Bocage Bressuirais;74029;21553;36239;16152;49
200040251;CC Bassée-Montois;23169;6740;12036;4453;51.8
200040277;CA Agglo du Pays de Dreux;115145;36758;57323;20835;49.9
200040293;CC du Clunisois;13926;3475;6454;4017;46.3
200040350;CC Bugey Sud;34106;9324;17109;7624;50.2
200040384;CC Isle Double Landais;12356;2778;5720;3704;46.9
200040392;CA Le Grand Périgueux;103583;27365;51523;25081;49.6
200040400;CC du Périgord Ribéracois;19447;4090;9256;6173;47.4
200040418;CC du Pays de Serres en Quercy;8407;1754;3986;2670;47.4
200040426;CC du Val de l'Oise;15897;4375;8175;3412;51.2
200040442;CA Luberon Monts de Vaucluse;54777;14704;27525;12805;50
200040459;CA Montélimar Agglomération;67708;19609;33949;13962;50.3
200040475;CC Loué - Brûlon - Noyen;18095;5601;9129;3472;50.2
200040491;CC Porte de Drômardèche;47646;14553;23300;9582;49.1
200040509;CC du Crestois et de Pays de Saillans Cœur de Drôme;15961;4222;7759;3883;48.9
200040558;CC Écueillé-Valençay;10968;2129;4927;3960;44.7
200040566;CA de l'Ouest Rhodanien;50651;14669;24749;11182;48.9
200040574;CC Beaujolais Pierres Dorées;54358;16515;27216;9839;50.8
200040590;CA Villefranche Beaujolais Saône;72707;22950;35922;13943;49.3
200040624;CC Pays d'Apt-Luberon;28939;6870;13981;8270;48
200040657;CC de la Matheysine;18902;4892;9557;4437;50.6
200040681;CC Enclave des Papes-Pays de Grignan;22780;5649;11165;5988;49
200040715;Grenoble-Alpes-Métropole;448457;149162;217076;80374;48.6
200040764;CC du Sud Corse;20708;5243;11069;4176;54
200040772;CC du Perche et Haut Vendômois;9183;2403;4414;2402;47.9
200040798;CC Val Vanoise;9090;2317;5156;1675;56.4
200040814;CC Briance Sud Haute Vienne;9138;2276;4635;2214;50.8
200040830;CC du Pays de Fénelon;9654;2054;4802;2751;50
200040889;CC de Portes Sud Périgord;8448;1764;3930;2723;46.7
200040905;CC Carmausin-Ségala;29863;7024;14330;8383;48.2
200040947;CC de Flandre Intérieure;102688;30834;52707;19218;51.3
200040954;CC des Hauts de Flandre;53616;16285;27571;9722;51.5
200041010;CC Cœur de Savoie;37495;10860;19439;7037;52.1
200041051;CC Vallée de la Dordogne et Forêt Bessède;8942;1887;4221;2870;47
200041150;CC Terrassonnais Haut Périgord Noir;22134;5199;10815;6247;48.6
200041168;CC de la Vallée de l'Homme;15725;3012;7526;5098;48.1
200041283;CC de la Plaine du Rhin;18430;4352;10752;3329;58.3
200041317;CA du Niortais;121754;33591;61724;26327;50.7
200041325;CC du Pays Rhénan;36926;9630;20149;7059;54.7
200041333;CC de Parthenay-Gâtine;37038;9133;17649;10335;47.5
200041366;CC Rhône Crussol;34193;8920;16886;8084;49.8
200041416;CC Airvaudais-Val du Thouet;6880;1564;3335;1977;48.5
200041440;CC de Domme-Villefranche du Périgord;8487;1663;4041;2818;47.4
200041465;CC Val Eyrieux;12396;2570;6197;3702;49.7
200041499;CC Aunis Atlantique;31184;9364;15931;5388;51.9
200041507;CA La Riviera du Levant;64939;17995;33741;12012;52.9
200041515;CC du Bassin de Pont-à-Mousson;40343;11997;20997;7571;51.8
200041523;CC de la Haute Saintonge;68390;16481;33014;18753;48.4
200041556;CC Portes de la Creuse en Marche;6597;1242;3134;2245;47.3
200041572;CC Dronne et Belle;11270;2291;5385;3546;48
200041614;CC Aunis Sud;32567;9145;16287;6730;50.6
200041622;CC Ardennes Thiérache;9630;2801;4843;2039;50
200041630;CA Ardenne Métropole;121184;33936;61382;25842;50.7
200041689;CC Vals de Saintonge Communauté;51994;12164;24890;14945;47.9
200041721;CC de la Haute Comté;17140;4280;8654;4401;49.9
200041762;CA Rochefort Océan;63968;16321;31337;15822;49.4
200041788;CA du Pays Nord Martinique;96187;25794;49897;21891;51.1
200041853;CC du Pays de Montbozon et du Chanois;6593;1918;3291;1372;50
200041861;CC du Triangle Vert;11041;3114;5818;2134;52.6
200041879;CC Terres de Saône;13187;3511;7009;2804;52.6
200041887;CC du Val Marnaysien;14427;4372;7445;2546;51.8
200041960;CC Pévèle-Carembault;97129;29394;50226;16763;52.1
200041994;CC Haut Val de Sèvre;30671;9092;15481;6244;50.2
200042000;CC Bruyères-Vallons des Vosges;15040;4194;7421;3500;49.1
200042174;CA Lorient Agglomération;205765;54473;101160;49375;49.3
200042182;CC du Mont des Avaloirs;15670;3788;7571;4481;47.8
200042190;CA de la Porte du Hainaut;158578;52130;79383;27200;50
200042372;CC des Coteaux Arrats Gimone;10745;2644;5402;2688;50.3
200042414;CC Bresse Revermont 71;9898;2427;4703;2752;47.6
200042463;CC de la Montagne Noire;5838;1329;2889;1601;49.6
200042497;CC Dombes Saône Vallée;39725;12438;20486;6196;52.4
200042604;CC de Granville, Terre et Mer;44569;10182;19909;14237;44.9
200042620;CC de la Région de Suippes;7745;2699;3825;1176;49.7
200042646;CC Grand Orb communauté de communes en Languedoc;19958;4192;9500;6353;47.4
200042653;CC Sud-Hérault;17999;4328;8541;5036;47.7
200042703;CC de l'Argonne Champenoise;11862;3098;5740;3120;48
200042729;CC de la Baie du Cotentin;23153;5918;11269;5840;48.9
200042901;CC Drôme Sud Provence;42937;12445;21772;8480;51
200042935;CA Haut - Bugey Agglomération;63216;19336;32265;11764;50.9
200042943;CC du Cap Corse;6655;1148;3388;2170;50.5
200042992;CC Perthois-Bocage et Der;5622;1420;2918;1339;51.4
200043016;CC Val de Charente;13753;3155;6388;4234;46.4
200043065;CC du Val d'Amboise;27757;7615;13578;6509;49
200043081;CC Chinon, Vienne et Loire;23456;5992;11466;6007;48.9
200043123;CC Auray Quiberon Terre Atlantique;89233;22003;43347;23056;49
200043156;CC du Pays Rethélois;30012;8872;15259;5774;51
200043172;CA du Bassin de Brive;107216;27801;52133;27347;48.6
200043263;CC Cœur de l'Avesnois;29279;8788;14623;6040;49.7
200043321;CC du Pays de Mormal;48318;14148;24876;9339;51.4
200043354;CC de Villedieu Intercom;15653;3992;7561;4094;48.3
200043396;CA Maubeuge Val de Sambre;124770;40579;61544;22962;49.2
200043404;CC du Sud Avesnois;24603;7804;11837;5172;47.7
200043438;CC de la Moivre à la Coole;9439;2641;4926;1902;52
200043495;CA du Pays de Laon;41853;12831;21172;8144;50.2
200043602;CC des Albères, de la Côte Vermeille et de l'Illibéris;56597;12394;25347;18010;45.5
200043628;CC des Vallées du Clain;26984;7736;14190;4953;52.8
200043693;CC Terre Lorraine du Longuyonnais;15391;4268;8041;3069;52.3
200043776;CC Pyrénées Audoises;13665;2472;6455;4835;46.9
200043974;CC du Sud Gironde;39211;10967;19841;8152;50.9
200043982;CC du Bazadais;15769;3783;7803;4214;49.4
200043990;CC Vallons de Haute-Bretagne Communauté;44247;14311;23035;6661;52.3
200044014;CC Creuse Grand Sud;11711;2573;5740;3480;48.7
200044030;CC des 7 Vallées;29522;8226;14613;6763;49.4
200044048;CC Osartis Marquion;42476;12509;22184;7609;52.4
200044253;CC du Bassin de Joinville en Champagne;12343;3145;6075;3201;48.9
200044394;CC du Réolais en Sud Gironde;23868;6367;11795;5737;49.4
200044469;CC du Pays de Mirepoix;10548;2518;5164;2830;49.1
200044618;CA Douaisis Agglo;148875;46774;74050;27960;49.8
200044691;CA du Nord Grande Terre;56120;16279;28442;11746;50.4
200046977;Métropole de Lyon;1416545;479170;701809;230593;49.7
200048551;CC du Pays de Craon;28647;8463;13791;6438;48.1
200049187;CA du Grand Verdun;27412;7910;13611;5973;49.5
200049211;CC Conflent-Canigó;20686;4807;9640;6112;46.9
200049484;CC Berry Grand Sud;11559;2348;5368;3907;46.2
200050532;CC de Petite-Terre;N/A - résultat non disponible;N/A;N/A;N/A;N/A - résultat non disponible
200054781;Métropole du Grand Paris;7086619;2205581;3836670;1052398;54.1
200054807;Métropole d'Aix-Marseille-Provence;1903173;564103;952446;382012;50.2
200055481;CC Beauce Val de Loire;19587;5569;9814;4300;49.9
200055655;CA Roissy Pays de France;357929;132876;182374;42146;51
200055887;CC Mayenne Communauté;36678;10615;18014;8090;49.1
200056232;CA Communauté Paris-Saclay;314485;102984;162274;48536;51.7
200056380;CA Plaine Vallée;183428;58821;94405;29899;51.6
200057859;CA Cœur d'Essonne Agglomération;204454;67260;106565;29703;52.4
200057958;CA Paris - Vallée de la Marne;227011;78664;118909;30606;52.1
200058360;CC Entre Beauce et Perche;21094;6250;10756;4126;50.9
200058477;CA Val d'Yerres Val de Seine;177572;59190;89126;29132;50.2
200058485;CA Val Parisis;284254;92894;147532;41601;52.3
200058519;CA Saint Germain Boucles de Seine;336128;106350;174899;56366;51.8
200058782;CA de Saint-Quentin-en-Yvelines;228500;78091;119561;30487;52.4
200059228;CA Grand Paris Sud Seine Essonne Sénart;355010;131603;180979;41406;51.1
200059392;CC Bièvre Isère;55314;16582;27611;10831;50.2
200059400;CC Porte Océane du Limousin;25630;6250;12529;6907;48.8
200059871;CC du Centre-Ouest;N/A - résultat non disponible;N/A;N/A;N/A;N/A - résultat non disponible
200059889;CU Grand Paris Seine et Oise;424510;142466;215344;63288;51.1
200060010;CA Mauges Communauté;120454;37268;60462;21700;50.6
200060457;CA de Dembeni/Mamoudzou;N/A - résultat non disponible;N/A;N/A;N/A;N/A - résultat non disponible
200060465;CA du Grand Nord de Mayotte;N/A - résultat non disponible;N/A;N/A;N/A;N/A - résultat non disponible
200060473;CC du Sud;N/A - résultat non disponible;N/A;N/A;N/A;N/A - résultat non disponible
200065563;CC Normandie-Cabourg-Pays d'Auge;31329;7843;14943;8425;47.9
200065589;CC Val ès Dunes;18706;6031;9427;3102;50.8
200065597;CU Caen la Mer;272343;88769;130109;51378;48.1
200065647;CA Pays de Montbéliard Agglomération;139590;40594;68333;31042;48.8
200065787;CC de Pont-Audemer / Val de Risle;32651;9470;16638;6693;50.7
200065886;CA Loire Forez Agglomération;111128;31586;55089;24097;49.7
200065894;CC de Forez-Est;64083;17804;31295;14738;49
200065928;CA Lannion-Trégor Communauté;100188;24017;46288;29442;46.4
200066009;CA Mulhouse Alsace Agglomération;273767;82649;139526;51958;50.9
200066017;CC Lieuvin Pays d'Auge;20456;5886;10332;4301;50.4
200066025;CC Pays Rhin - Brisach;33686;9393;18274;5792;54.6
200066033;CC Sud Alsace Largue;22322;6343;11847;4127;53.1
200066041;CC Sundgau;47711;12567;25788;9242;54.2
200066058;CA Saint-Louis Agglomération;82859;22561;44654;14482;54.7
200066108;CC des Portes de Meuse;16235;4091;8463;3834;51.6
200066116;CC Argonne-Meuse;7003;1741;3462;1838;49.2
200066124;CA Gaillac-Graulhet;74603;20294;36507;17486;49.1
200066132;CC du Pays de Stenay et du Val Dunois;9533;2501;4531;2562;47.2
200066140;CC de l'Aire à l'Argonne;6423;1698;3260;1494;50.5
200066157;CC de Commercy - Void - Vaucouleurs;22069;6171;11109;4912;50.1
200066165;CC Val de Meuse - Voie Sacrée;9029;2633;4652;1803;51.2
200066173;CC de Damvillers Spincourt;8121;2495;4190;1512;51.1
200066223;CC Arize Lèze;10982;2589;5466;2824;50.2
200066231;CC des Portes d'Ariège Pyrénées;39958;11498;19615;8515;49.5
200066280;CC du Pithiverais;29269;8913;14673;5695;50.1
200066322;CC Terres des Confluences;42170;12278;20086;9470;48
200066330;CC Terres du Haut Berry;26114;6829;13455;5776;51.6
200066348;CC du Minervois au Caroux;14447;3000;7047;4481;48.5
200066355;CA Sète Agglopôle Méditerranée;127927;32040;60640;33695;48
200066363;CC de la Haute Ariège;7103;1341;3488;2258;49.2
200066371;CC Causses et Vallée de la Dordogne;45085;9829;21717;13516;48.2
200066389;CA Saint-Lô Agglo;76494;21729;37739;16649;49.6
200066405;CC Roumois Seine;41424;12317;20993;7761;51.1
200066413;CC Intercom Bernay Terres de Normandie;54442;14837;26954;13038;49.2
200066462;CC Interco Normandie Sud Eure;37865;10719;18845;8577;49.4
200066512;CC Élan Limousin Avenir Nature;27667;7097;14181;6487;51.1
200066520;CC Ouest Limousin;11310;2321;5486;3499;48.5
200066553;CC des Monts de Lacaune et de la Montagne du Haut Languedoc;7978;1601;3937;2447;49.3
200066561;CC Sidobre Vals et Plateaux;12399;2611;6378;3478;51.2
200066587;CC des Monts du Lyonnais;35002;10653;17933;6522;51.1
200066603;CC du Pays de Lubersac-Pompadour;7480;1458;3679;2358;49.1
200066637;CC Hautes Terres Communauté;11405;2229;5675;3650;49.1
200066645;CC Vézère-Monédières-Millesources;4921;809;2200;1967;44.2
200066652;CC Grand Sud Tarn et Garonne;42859;13443;22113;6988;52
200066660;CC Saint-Flour Communauté;23447;5617;11776;6122;50.1
200066678;CC de la Châtaigneraie Cantalienne;21091;4711;10201;6187;48.3
200066710;CC Cingal-Suisse Normande;24668;7643;12632;4241;51.5
200066728;CC Vallées de l'Orne et de l'Odon;25881;8494;13215;3981;51.4
200066744;CC Haute-Corrèze Communauté;32888;7779;16146;9178;48.8
200066751;CC Xaintrie Val'Dordogne;11249;2089;5327;3882;47.2
200066769;CC Midi Corrézien;12972;2700;6323;3933;48.8
200066777;CC Ploërmel Communauté;42244;11027;20561;10436;48.9
200066785;CC de l'Oust à Brocéliande;39243;10990;19379;8701;49.6
200066793;CA du Grand Annecy;209389;59592;107592;40118;51.9
200066801;CC Isigny-Omaha Intercom;26438;7245;13069;6228;49.2
200066819;CC du Volvestre;30567;8877;15780;5687;52
200066827;CC du Pays de Honfleur-Beuzeville;27172;7711;13653;5761;50.3
200066835;CC de Sézanne-Sud Ouest Marnais;21145;5439;10688;5141;50.3
200066850;CC des Paysages de la Champagne;20954;5535;10870;4648;51.6
200066868;CC Presqu'île de Crozon-Aulne maritime;22419;5416;10688;6337;47.6
200066876;CA de Châlons-en-Champagne;79563;24410;40080;15128;50.3
200066884;CC Quercy Vert-Aveyron;22620;6306;11417;4627;51.1
200066892;CC de Vendeuvre-Soulaines;7532;2007;3810;1800;50
200066918;CA Alès Agglomération;132799;34380;63193;33716;48.1
200066926;CA Grand Auch Cœur de Gascogne;39230;10069;18964;9865;48.8
200066975;CC Senlis Sud Oise;24658;6968;12588;4615;52.1
200067023;CC Coutances Mer et Bocage;47720;12080;22808;12896;47.7
200067031;CC Côte Ouest Centre Manche;21931;5450;10351;6131;47.2
200067049;CC Spelunca-Liamone;7615;1203;3792;2567;50.1
200067064;CC Decazeville Communauté;18370;4213;8451;5969;45.4
200067072;CC Haut-Léon Communauté;31636;7628;15378;8754;48.4
200067080;CC Chablis Villages et Terroirs;14722;3853;7543;3427;50.9
200067106;CA du Pays Basque;318709;77684;159159;78352;50.5
200067114;CA de l'Auxerrois;67237;18352;33233;16066;49.1
200067122;CC Coteaux et Plaines du Pays Lafrançaisain;11131;3117;5603;2338;50.7
200067130;CC de Puisaye-Forterre;33770;7436;16234;10271;47.8
200067155;CC Saint Affricain, Roquefort, Sept Vallons;13624;3341;6604;3695;48.4
200067163;CC Monts, Rance et Rougier;6253;1365;3017;1879;48.2
200067171;CC Aubrac, Carladez et Viadène;10053;1945;4628;3517;45.9
200067189;CC Creuse Sud Ouest;13488;2915;6359;4226;47.1
200067197;CC Monts d'Arrée Communauté;7632;1686;3751;2202;49.1
200067205;CA du Cotentin;178002;48721;91637;38242;51.3
200067213;CU du Grand Reims;296749;98628;145777;51749;49.2
200067239;CC des Luys en Béarn;28931;8183;14726;5770;51.3
200067247;CC Pleyben-Châteaulin-Porzay;22678;6328;11470;5048;50.2
200067254;CA Pau Béarn Pyrénées;162618;45264;79833;36609;49.4
200067262;CC du Haut-Béarn;32056;7367;16355;8361;51
200067288;CC du Béarn des Gaves;17403;3870;8262;5281;47.4
200067296;CC du Nord Est Béarn;34551;9527;17829;7150;51.7
200067304;CC Serein et Armance;23751;6503;12037;5390;50.3
200067320;CC Serre-Ponçon Val d'Avance;7751;2183;3983;1512;51.9
200067346;CA Pornic Agglo Pays de Retz;66241;17422;31222;15699;48.5
200067361;CC Grand-Figeac;43747;10069;20974;12610;48
200067379;CC Côtes de Champagne et Val de Saulx;11454;3116;5904;2545;51
200067429;CC Haut Nivernais-Val d'Yonne;11855;2639;5527;3793;46.2
200067437;CA Provence-Alpes-Agglomération;47759;12111;23213;12139;48.9
200067445;CC Buëch-Dévoluy;9479;2178;4607;2598;49.1
200067452;CC du Guillestrois et du Queyras;7916;1773;4244;1951;53.3
200067460;CC Loudéac Communauté - Bretagne Centre;51323;13924;24607;12670;48.1
200067478;CC Comtal Lot et Truyère;19744;4402;9412;5722;48.2
200067486;CC Bouzonvillois-Trois Frontières;24179;6735;13160;4226;54.6
200067502;CA Saint-Avold Synergie;52419;14088;27876;10793;52.8
200067544;CC Creuse Confluence;16379;3399;7905;5163;48
200067551;CA Thonon Agglomération;92185;26726;47620;16185;52.6
200067593;CC Marche et Combraille en Aquitaine;13233;2593;6275;4483;47
200067627;CC Billom Communauté;25917;7472;13767;4673;53.1
200067635;CA Clisson Sèvre et Maine Agglo;56596;17795;29132;9208;51.9
200067643;CC Meurthe Mortagne Moselle;16561;4855;8587;3231;51.5
200067650;CC Houve-Pays Boulageois;22940;6155;12727;4137;55.3
200067668;CC de la Cléry, du Betz et de l'Ouanne;19986;5116;9826;5132;48.9
200067676;CC Canaux et Forêts en Gâtinais;27334;7299;13196;6906;48.2
200067684;CA Épernay, Coteaux et Plaine de Champagne;47363;12939;24055;10519;50.6
200067692;CC Tannay-Brinon-Corbigny;9545;1842;4401;3379;45.7
200067700;CC Sud Nivernais;20291;4606;9878;6007;48.2
200067742;CC Serre-Ponçon;16850;3970;8238;4469;49.4
200067759;CC Vallées et Plateau d'Ardenne;24406;6898;12793;4976;51.9
200067767;CC du Royans-Vercors;9602;2385;4914;2294;51.2
200067783;CC de Hanau-La Petite Pierre;26407;6837;13874;5734;52.5
200067791;CA Pays Foix-Varilhes;32077;8169;16238;7540;50.8
200067817;CC Saône-Beaujolais;44639;13642;22638;8261;50.8
200067825;CA Gap-Tallard-Durance;50097;13747;25026;11710;49.6
200067841;CC de l'Alsace Bossue;24284;6198;12904;5297;52.9
200067866;CC Sèvre et Loire;49064;15857;25608;7189;52.6
200067874;CA de Haguenau;97995;27610;51592;18306;52.9
200067882;CC Bazois Loire Morvan;15293;2925;6872;5581;44.7
200067890;CC Morvan Sommets et Grands Lacs;12149;2396;5455;4365;44.7
200067908;CC Amognes Cœur du Nivernais;8524;2022;4297;2219;50.3
200067916;CC Cœur de Loire;24776;5519;11643;7813;46.6
200067924;CC du Canton d'Erstein;48327;13505;25722;8910;53.4
200067932;CA Golfe du Morbihan - Vannes Agglomération;173461;46601;82890;42213;48.3
200067940;CC Couserans-Pyrénées;30056;6568;14749;8685;49.2
200067957;CC Haut Chemin-Pays de Pange;19243;5506;10366;3421;53.7
200067965;CA de la Région de Compiègne et de la Basse Automne;83078;26364;41673;15122;50.1
200067973;CC Thelloise;61391;19070;32626;9552;53.3
200067981;CA Guingamp-Paimpol Agglomération de l'Armor à l'Argoat;73447;18493;34591;20343;47.1
200067999;CA du Beauvaisis;103934;33253;52740;17993;50.7
200068005;CC de l'Oise Picarde;21015;6539;10954;3595;51.9
200068047;CA Creil Sud Oise;88665;33518;43374;11116;49.3
200068070;CC Loue-Lison;25373;7339;12460;5627;49
200068088;CC Les Bertranges;19754;4601;9544;5721;48
200068096;CC Champsaur-Valgaudemar;11355;2737;5577;2937;49.6
200068104;CA de la Provence Verte;101073;27838;49926;21996;50
200068112;CC du Pays de Saverne;35786;9459;18907;7470;52.8
200068120;CA Quimper Bretagne Occidentale;101287;28570;51971;20453;51.5
200068146;CC Sarrebourg Moselle Sud;45329;12018;23776;9779;52.2
200068229;CC des Baronnies en Drôme Provençale;20908;4383;9970;6719;47.3
200068278;CC Berry Loire Puisaye;17846;4513;8580;4851;47.8
200068294;CC des Deux Vallées Vertes;15710;4222;7902;3660;50.1
200068369;CC de Mirecourt Dompaire;18690;5251;9486;4125;50.3
200068377;CC de la Porte des Vosges Méridionales;29207;7362;14464;7436;49.4
200068435;CC Cœur du Perche;11165;2926;5514;2828;48.9
200068443;CC Andaine - Passais;13049;2858;6089;4215;46.3
200068450;CC Argentan Intercom;33402;8691;16065;8653;48.1
200068468;CC des Pays de L'Aigle;25415;6927;12404;6326;48.3
200068484;CC des Causses à l'Aubrac;14607;3281;6918;4348;47.6
200068500;CA de Cambrai;80713;24291;40478;16566;49.8
200068534;CC Terroir de Caux;37835;11203;19466;7203;51.4
200068542;CC Les Balcons du Dauphiné;77819;24034;40338;12959;52.2
200068559;CC de l'Ouest Vosgien;23267;6028;11414;5827;49.1
200068567;CC Les Vals du Dauphiné;63679;19668;32216;11441;50.9
200068625;CC Alpes-Provence-Verdon - Sources de Lumière;11397;2334;5649;3440;49.5
200068641;CA Le Muretain Agglo;124721;37106;65193;20935;52.9
200068658;CA de Chaumont;44205;12074;22119;10248;49.8
200068666;CA de Saint-Dizier Der et Blaise;56305;15023;28357;13015;50.3
200068674;CA Grand Lac;77857;20966;38837;16955;50.6
200068682;CC Terre d'Eau;17397;4311;8817;4408;50.3
200068757;CA d'Épinal;110325;31389;55679;23957;50.2
200068765;CC du Sisteronais-Buëch;25243;5715;12246;7142;48.8
200068773;CC des Vosges côté Sud Ouest;11767;2717;5807;3400;48.7
200068781;CA Valence Romans Agglo;223630;66477;110184;47165;49.2
200068799;CC Intercom de la Vire au Noireau;46376;12463;22686;11213;48.9
200068807;CC du Bassin Auterivain Haut-Garonnais;33168;9711;17220;5825;52.6
200068815;CC Cœur de Garonne;35018;9969;17999;6969;51.5
200068831;CC Pays Ségali Communauté;18063;4491;8825;4680;49
200068856;CC des Hauts du Perche;8065;1979;3885;2299;47.6
200068864;CC de la Mossig et du Vignoble;24706;6684;13226;4758;53.6
200068872;CC Éguzon - Argenton - Vallée de la Creuse;19480;4370;9220;5990;47.1
200068880;CC Champagne Boischauts;9791;2524;5027;2285;51.1
200068914;CC La Rochefoucauld porte du Périgord;21765;5029;10789;5939;49.6
200068922;CC du Confluent et des Coteaux de Prayssas;18104;4745;9031;4501;49.4
200068930;CC Fumel Vallée du Lot;24553;5518;11321;7589;46.3
200068948;CC Albret Communauté;25937;6256;12311;7446;47.3
200068955;CC Anjou Loir et Sarthe;27988;8628;14071;5204;50.4
200068963;CC Maine Cœur de Sarthe;21539;6544;10969;3882;51.3
200068989;CA Dinan Agglomération;99038;25571;47286;25413;48.1
200068997;CA Arlysère;61677;16493;31580;13219;51.5
200069003;CC du Barséquanais en Champagne;18571;4852;9374;4479;50.1
200069029;CA des Deux Baies en Montreuillois;65791;17121;32080;16739;48.7
200069037;CA du Pays de Saint-Omer;105128;33057;53259;18827;50.7
200069052;CA Grand Belfort;101396;31476;51402;19705;50.1
200069060;CC des Vosges du Sud;15096;3959;7831;3354;51.7
200069086;CC Leff Armor Communauté;31592;8946;15171;7287;48.3
200069094;CC Isle et Crempse en Périgord;14450;3251;6879;4296;47.7
200069102;CC Randon - Margeride;5277;1305;2703;1294;51
200069110;CA du Grand Chambéry;138240;41449;67713;27341;49.6
200069128;CC Mont Lozère;5627;1269;2786;1468;50.4
200069136;CC des Cévennes au Mont Lozère;5043;931;2506;1591;49.8
200069144;CC des Hautes Terres de l'Aubrac;5052;1137;2444;1503;48.1
200069151;CC Gorges Causses Cévennes;6927;1538;3437;1955;49.6
200069169;CC Dômes Sancy Artense;12573;3086;6551;2983;51.9
200069177;CC Mond'Arverne Communauté;40762;10918;21501;8243;52.9
200069185;CC des Terres d'Apcher-Margeride-Aubrac;10683;2647;5175;2860;48.4
200069193;CC de la Dombes;39632;11887;20105;7391;51.1
200069227;CC Pays Fort Sancerrois Val de Loire;18202;4071;8996;5267;49.1
200069235;CC du Haut Pays du Montreuillois;15751;4857;7821;3078;49.6
200069250;CA Troyes Champagne Métropole;174501;54418;83702;34779;48.4
200069268;CC Aubrac Lot Causses Tarn;7912;2119;3954;1881;49.7
200069300;CA Tarbes-Lourdes-Pyrénées;125873;33805;60332;31209;48.1
200069383;CC Ouest Aveyron Communauté;27306;6412;12601;8211;46.3
200069391;CA Lamballe Terre et Mer;68062;18494;33292;16089;49
200069409;CA Saint-Brieuc Armor Agglomération;152860;42913;72950;35891;48.1
200069417;CC Pays d'Orthe et Arrigans;24006;6105;12002;5747;50.3
200069425;CA Mont-Saint-Michel-Normandie;87571;21795;41934;23884;47.9
200069433;CC de Vezouze en Piémont;11623;3190;5654;2849;48.4
200069441;CC du Pays de Bitche;33512;8405;18053;7381;53.3
200069458;CC des Vallées d'Auge et du Merlerault;14240;3367;6622;4365;46.1
200069482;CC des Campagnes de l'Artois;33162;9754;17034;6391;51.3
200069516;CC Seulles Terre et Mer;17303;5132;8818;3258;51.2
200069524;CC Pré-Bocage Intercom;24818;7538;12833;4411;51.8
200069532;CA Lisieux Normandie;72916;20983;35514;16755;48.5
200069540;CC Norge et Tille;16210;4615;8396;3108;52.1
200069565;CC des Lacs et Montagnes du Haut-Doubs;16407;4875;9237;2102;57
200069581;CC Convergence Garonne;32819;9334;17087;6257;52.3
200069599;CC Rurales de l'Entre-deux-Mers;16554;4311;8520;3730;51.4
200069615;CC Bresse Haute Seille;19096;4841;9506;4685;49.9
200069623;CC Champagnole Nozeroy Jura;22826;5886;11113;5703;49
200069631;CC Terres de Chalosse;18145;4736;9116;4256;50.3
200069649;CC Chalosse Tursan;26030;6494;13043;6429;50.2
200069656;CC Cœur Haute Lande;15811;3872;7885;3941;50.2
200069664;CC Meuse Rognon;10638;2502;5294;2945;49.3
200069672;CC du Ternois;37698;11015;18595;8379;48.9
200069698;CC Mâconnais - Tournugeois;15740;4009;7657;4022;48.8
200069722;CC Interrégionale Aumale - Blangy-sur-Bresle;21324;5690;10851;4875;50.7
200069730;CC des 4 Rivières;29076;7937;14401;6932;49.2
200069748;CC Val de Gâtine;21589;5931;10773;4827;50
200069755;CC Mellois en Poitou;47025;11850;23039;12498;48.6
200069763;CC du Haut-Poitou;41748;12404;21451;7874;51.4
200069821;CA Fécamp Caux Littoral Agglomération;38327;10673;18852;8784;49.2
200069839;CC de la Côte d'Albâtre;27698;7664;14352;5784;51.6
200069847;CC Plateau de Caux-Doudeville-Yerville;21198;6531;11050;3575;52.2
200069854;CU du Grand Poitiers;196530;67077;91725;36460;47
200069912;CC des Forêts du Perche;7683;1997;3739;2014;48.2
200069953;CC des Portes Euréliennes d'Île-de-France;48615;14407;25729;8442;53
200069961;CC du Grand Châteaudun;39903;10438;18986;10784;47.2
200069995;CC Médoc Cœur de Presqu'île;30552;8172;15271;6944;50.3
200070035;CC du Civraisien en Poitou;27163;6570;12838;7941;46.9
200070043;CC Vienne et Gartempe;38988;8765;18415;11989;47
200070068;CC Communauté Bray-Eawy;24973;7325;12454;5328;49.6
200070092;CA du Libournais;92148;25960;46393;19122;50.7
200070100;CC du Val de Sully;24244;6902;12205;5336;49.9
200070118;CC Val de Saône Centre;20805;6308;10660;3683;51.6
200070126;CC Seine et Aube;10174;2871;5191;2102;51.1
200070142;CC Lyons Andelle;20656;6113;10555;4084;50.9
200070159;CC Cœur de Beauce;24337;7248;12476;4732;51
200070167;CC Terres de Perche;14169;3886;6840;3478;48.2
200070183;CC des Terres du Val de Loire;49283;14321;24602;10090;50.2
200070233;CA Terres de Montaigu;49885;15909;25736;7783;52.1
200070282;CC Lavalette Tude Dronne;17634;3838;8574;5310;48.4
200070290;CC Coeur du Pays Haut;23185;6633;12101;4496;52.1
200070308;CA Mâconnais Beaujolais Agglomération;78970;22291;38958;17032;49.8
200070316;CC Entre Arroux, Loire et Somme;21856;4507;10449;7100;47.4
200070324;CC du Territoire de Lunéville à Baccarat;40762;11518;20418;8949;49.9
200070332;CC des Savoir-Faire;15130;3300;7075;4784;46.7
200070340;CC Haute Maurienne Vanoise;8564;2131;4493;1990;52.2
200070365;CC Corbières Salanque Méditerranée;23741;6476;11525;5047;50
200070373;CC Loir-Lucé-Bercé;23512;5774;10952;7019;46.1
200070407;CA Agglo Pays d'Issoire;56919;15197;29036;12618;51.1
200070431;CC Saint-Marcellin Vercors Isère Communauté;44618;12143;22464;9854;50.5
200070449;CC Inter-Caux-Vexin;55643;16112;29005;10275;52.4
200070464;CC Cœur de Maurienne Arvan;14436;3482;7382;3677;50.8
200070506;CC Pays de Nexon Monts de Chalus;13017;3062;6415;3565;49.2
200070514;CA du Grand Cognac;69126;17285;35312;16665;51
200070530;CC du Grand Autunois Morvan;35431;8292;16847;10172;47.7
200070548;CC Brionnais Sud Bourgogne;15002;3404;7032;4619;46.7
200070555;CC de la Veyle;23096;6896;11787;4256;51.4
200070563;CC Terres Touloises;44622;13215;22993;8233;51.7
200070571;CC Cœur de Berry;6854;1818;3541;1516;51.5
200070589;CC de Seille et Grand Couronné;18813;5613;9866;3271;52.6
200070647;CA Bergeracoise;60604;14624;28987;16974;47.8
200070662;CC Bretagne porte de Loire Communauté;32384;10634;16641;4916;51.7
200070670;CC du Pays de Dol et de la Baie du Mont Saint-Michel;23718;6538;11223;5841;47.6
200070688;CC Couesnon Marches de Bretagne;21957;6170;10829;4952;49.3
200070712;CC Thiers Dore et Montagne;36628;9157;18490;9459;49.8
200070720;CC Médoc Atlantique;27231;5347;12847;8672;47.8
200070738;CC Mad et Moselle;19866;5315;10679;3922;53.6
200070746;CA Sarreguemines Confluences;63927;15942;34759;13570;54.1
200070753;CA Riom Limagne et Volcans;67701;19155;35134;13214;52
200070761;CC Ambert Livradois Forez;27565;5886;13626;8059;49.4
200070779;CC Brie des Rivières et Châteaux;39755;12385;21463;5709;54.3
200070787;CC du Plateau de Lannemezan;17722;3727;8865;5172;49.9
200070795;CC du Pays de Trie et du Magnoac;6838;1366;3223;2300;46.8
200070803;CC des Coteaux du Val d'Arros;11015;2769;5654;2639;51.1
200070811;CC Pyrénées Vallées des Gaves;15291;3133;7800;4400;50.9
200070829;CC Neste Barousse;7292;1485;3388;2390;46.6
200070845;CC Orne Lorraine Confluences;53038;14598;27312;11160;51.5
200070852;CC Usses et Rhône;20959;6514;11249;3073;54
200070894;CC de Gevrey-Chambertin et de Nuits-Saint-Georges;29798;8194;15644;5920;52.6
200070902;CC Auxonne Pontailler Val de Saône;23396;6978;11840;4586;50.6
200070910;CC Tille et Venelle;4936;1389;2500;1069;50.4
200070928;CC Terre de Picardie;18152;5768;9358;3106;51.3
200070936;CC Ponthieu-Marquenterre;32865;8850;16014;8088;48.6
200070944;CC du Vimeu;22454;6053;11411;5072;50.6
200070951;CC du Territoire Nord Picardie;31001;9269;15661;6166;50.4
200070969;CC Avre Luce Noye;21820;6804;11367;3712;51.9
200070977;CC du Grand Roye;25378;7618;12779;5113;50.1
200070985;CC de l'Est de la Somme;19989;5709;10023;4445;49.7
200070993;CA de la Baie de Somme;48679;13046;24035;11849;49.1
200071017;CC des Terres d'Auxois;15702;3998;7791;3974;49.4
200071025;CC Haute-Provence-Pays de Banon;9861;2226;4925;2664;50.2
200071033;CC Jabron-Lure-Vançon-Durance;5264;1313;2652;1250;50.9
200071041;CC du Chaourçois et du Val d'Armance;10389;2693;5052;2705;48.3
200071058;CC Les Avant-Monts;27534;7198;13422;6758;49
200071066;CA de Saint-Dié-des-Vosges;73887;19450;37385;17589;50.2
200071074;CC Les Portes de l'Ile de France;22789;7185;11612;3788;51.4
200071082;CA Montluçon Communauté;60058;15677;28173;16768;46.5
200071116;CA ECLA  (Espace Communautaire Lons Agglomération);34113;9000;16413;8776;48
200071140;CA Moulins Communauté;64474;16799;31561;16098;49
200071165;CA Les Sables d'Olonne Agglomération;56343;10764;23577;19917;43.5
200071173;CC du Pays Arnay Liernais;7041;1554;3336;2199;47.1
200071181;CC Somme Sud-Ouest;38449;10961;19564;8050;50.7
200071199;CC Plaine Limagne;21351;6040;10719;4508;50.4
200071207;CC de Pouilly-en-Auxois/Bligny-sur-Ouche;8600;2187;4254;2144;49.6
200071215;CC Chavanon Combrailles et Volcans;12631;2749;6343;3566;50.1
200071223;CC Nièvre et Somme;27803;8165;14277;5530;51
200071298;CC des Terres du Lauragais;41259;12404;21885;6527;53.6
200071314;CC des Hauts Tolosans;34721;10823;18573;4936;54.1
200071363;CA Vichy Communauté;83578;20262;38247;24300;46.2
200071371;CC Bresse et Saône;25513;7329;12948;5111;51
200071389;CC Saint-Pourçain Sioule Limagne;33906;8562;16703;8798;49
200071405;CC Ardèche Rhône Coiron;23083;6994;11808;4202;51.3
200071413;CA Privas Centre Ardèche;43920;11514;21835;10443;49.9
200071454;CA Evreux Portes de Normandie;110627;34337;56314;19316;51.2
200071470;CC Entr'Allier Besbre et Loire;24536;5753;11959;6971;48.4
200071496;CC du Bocage Bourbonnais;13705;3218;6601;3929;48
200071504;CC des Collines du Perche Normand;12031;3016;5841;3296;48.1
200071512;CC Commentry Montmarault Néris Communauté;25710;6082;12657;7031;49.1
200071520;CC Domfront Tinchebray Interco;15836;3885;7545;4397;47.7
200071538;CC Terres de Bresse;22422;5756;11345;5252;50.8
200071546;CC Sud Retz Atlantique;25157;7763;12626;4550;50.6
200071553;CC Loire Layon Aubance;56685;17152;28621;10745;50.6
200071579;CC Bresse Louhannaise Intercom';28291;6896;13420;8001;47.4
200071587;CC Loches Sud Touraine;50748;12170;24836;14067;48.6
200071595;CC Arbois, Poligny, Salins, Cœur du Jura;21647;5606;10446;5691;48
200071629;CC Challans-Gois Communauté;48814;12322;23138;12449;48.3
200071645;CC Saint Cyr Mère Boitier entre Charolais et Mâconnais;8028;2088;3940;1997;49.1
200071652;CC du Pays Fertois et du Bocage Carrougien;4878;1267;2443;1222;49.5
200071678;CA Agglomération du Choletais;104864;31230;51053;22115;48.9
200071751;CA du Bassin de Bourg-en-Bresse;133942;38989;65914;28217;49.5
200071769;CC Picardie des Châteaux;17122;5162;8743;3340;50.7
200071777;CC d'Arcis, Mailly, Ramerupt;11819;3646;5629;2494;47.8
200071785;CA Chauny-Tergnier-La Fère;54848;16711;27252;11226;49.4
200071819;CC du Périgord Nontronnais;15072;2770;7081;5231;46.9
200071827;CA du Grand Angoulême;142379;39501;71196;31570;50
200071843;CC du Vexin Normand;32661;9979;16562;5891;51.1
200071850;CC du Pithiverais-Gâtinais;25795;7421;12897;5622;49.7
200071868;CC des Vallées du Haut-Anjou;36542;12235;18183;5885;50.1
200071876;CA Saumur Val de Loire;98377;28038;47775;23049;48.3
200071884;CC Le Grand Charolais;39957;9682;19185;11326;47.7
200071892;CA du Saint-Quentinois;79669;24648;38609;17006;48.1
200071900;CC Vendée Grand Littoral;34724;7679;15693;11036;45.6
200071918;CC du Pays de Saint-Fulgent - Les Essarts;28542;8921;14785;4502;52.4
200071926;CC du Limouxin;27598;6270;13405;7755;48.9
200071934;CC Pays de Fontenay-Vendée;34968;8815;17021;9221;48.6
200071942;CC Haut Limousin en Marche;22479;4232;10567;7829;46.7
200071967;CC Pays d'Évian Vallée d'Abondance;42077;11678;22816;7149;54.8
200071983;CC Thiérache Sambre et Oise;16515;4835;8144;3608;49.1
200071991;CC Retz-en-Valois;28935;8335;15275;5370;52.7
200072007;CC de la Montagne d'Ardèche;4822;868;2385;1593;49.2
200072015;CA Annonay Rhône Agglo;48938;13603;24262;10932;49.7
200072023;CC Cœur de Charente;21970;5388;10660;5932;48.5
200072031;CA de la Région de Château-Thierry;54485;16312;27524;10655;50.5
200072049;CC de Charente Limousine;35272;7703;16957;10687;48
200072056;CC Porte du Jura;10567;2737;5113;2724;48.3
200072064;CC Val-de-Cher-Controis;47159;11683;22389;13335;47.2
200072072;CA Territoires Vendômois;52492;12969;25684;14184;48.6
200072080;CC du Pays de Saint-Éloy;15530;3270;7585;4811;48.4
200072098;CC Combrailles Sioule et Morge;19475;5152;10195;4000;52.7
200072106;CC Adour Madiran;24022;5741;11693;6669;48.5
200072130;CA du Pays de Meaux;108278;37632;55599;14020;51.8
200072304;CC Vallée de l'Ubaye - Serre-Ponçon;7639;1773;3935;1970;51.3
200072312;CA Seine Normandie Agglomération;82615;24252;41927;16229;50.9
200072320;CC Val de Gers;9968;2375;4926;2750;49
200072346;CA du Pays de Fontainebleau;69015;18865;34749;14987;50.7
200072452;CA Fougères Agglomération;55835;15965;27225;12684;48.7
200072460;CA de Béthune-Bruay, Artois-Lys Romane;276094;85911;139136;51192;50.4
200072478;CC Pays d'Opale;25248;8087;12787;4393;50.6
200072544;CC des Deux Morin;26590;8354;13544;4741;50.8
200072635;CC Pyrénées Haut Garonnaises;15541;3236;7380;4972;47.3
200072643;CC Cœur et Coteaux du Comminges;44192;10588;20741;13041;46.7
200072650;CC Touraine Vallée de l'Indre;53703;15932;27671;9834;51.8
200072668;CC Touraine Val de Vienne;24895;6126;12152;6744;48.6
200072676;CC Maine Saosnois;27546;7390;13313;7036;48
200072684;CC Le Gesnois Bilurien;31115;9541;15643;5968;50.2
200072692;CC des Vallées de la Braye et de l'Anille;15013;3615;7279;4339;47.8
200072700;CC Haute Sarthe Alpes Mancelles;22652;6469;11029;5303;48.4
200072718;CC de la Champagne Conlinoise et du Pays de Sillé;18035;5414;9002;3765;49.5
200072726;CC Châteaubriant-Derval;44359;13441;21530;9448;48.5
200072734;CC Estuaire et Sillon;40126;13210;20582;5855;51.9
200072825;CC Mirebellois et Fontenois;12556;3594;6507;2490;51.7
200072874;CC Val Briard;28473;9110;15201;3955;53.8
200072882;CC de Vie et Boulogne;45298;14335;23199;7206;51.9
200072981;CC Touraine Ouest Val de Loire;33157;9324;16513;7406;49.7
200072999;CC du Grand Langres;20773;5265;10603;4948;50.9
200073013;CC Carnelle Pays-de-France;32623;9951;16815;5516;52.1
200073096;CA Arche Agglo;58331;16656;29337;11903;50.7
200073104;CC de l'Île-Rousse - Balagne;10807;2367;5376;2910;50.5
200073112;CC Sud Sarthe;22655;5940;10978;5845;48.2
200073120;CC Nebbiu - Conca d'Oro;7581;1518;3821;2162;50.9
200073138;CC Pasquale Paoli;6110;1233;2897;1992;47.3
200073146;CC Cagire Garonne Salat;17791;3918;8674;5103;49
200073161;CC Touraine-Est Vallées;40295;11691;20597;7830;51.3
200073237;CC de Gâtine et Choisilles - Pays de Racan;21980;6583;11539;3673;52.9
200073245;CC du Bassin d'Aubenas;40339;10082;19400;10827;48.1
200073252;CC de la Castagniccia-Casinca;12653;2928;6464;3068;51.9
200073260;CC Sud Vendée Littoral;55090;13730;25969;15155;47.3
200073344;CA Rambouillet Territoires;79058;23244;40616;15267;51.3
200073393;CC des Rives du Haut-Allier;16542;3552;8112;5000;48.7
200073401;CC Mézenc-Loire-Meygal;11296;2843;5619;2783;50
200073419;CA du Puy-en-Velay;82539;21855;40841;20174;49.3
200073427;CC Marches du Velay-Rochebaron;31106;9108;15584;6139;50.5
200077014;CA Vienne Condrieu;92201;27674;46228;17676;50.5
200083392;CA Laval Agglomération;114501;35857;55806;22677;48.8
200084952;CU Le Havre Seine Métropole;265498;82328;131981;53309;49.3
200085728;CC Brioude Sud Auvergne;16679;4075;8362;4301;50
200085751;CC Entre Bièvre et Rhône;68691;20696;34206;13484;50
200089456;CA Seine-Eure;103175;33048;53297;17001;51.6
200090504;CA Coulommiers Pays de Brie;93739;29410;48151;15165;51.9
200090561;CC Vierzon-Sologne-Berry;38192;9943;18268;10470;47.2
200090579;CC Terre d'Émeraude Communauté;24567;6441;12564;5687;50.9
200090751;CA Grand Calais Terres et Mers;98975;35162;51090;17640;49.2
200093201;Métropole Européenne de Lille;1182250;414204;588935;175911;49.9
200096634;CC des Hautes Vosges;21124;4876;10471;5848;49.4
200096642;CC Gérardmer Hautes Vosges;14233;3237;7055;3964;49.5
200096675;CC Baud Communauté;16088;4376;8113;3582;50.5
200096683;CC Centre Morbihan Communauté;26817;7893;13627;5301;50.8
200096956;CA Agglomération d'Agen;101169;28581;50898;21886;50.2
240100610;CC de la Côtière à Montluel;25039;8400;12828;3636;51.6
240100750;CA du Pays de Gex;100314;30837;56100;11320;57.1
240100800;CC de Miribel et du Plateau;24619;7584;12536;4150;51.7
240100883;CC de la Plaine de l'Ain;79824;24348;41286;13429;52.2
240100891;CC du Pays Bellegardien (CCPB);21964;6742;11558;3565;52.9
240200444;CC de la Thiérache du Centre;26102;7612;13116;5556;49.9
240200469;CC du Pays de la Serre;14424;4249;7303;2900;50.5
240200477;CA GrandSoissons Agglomération;52890;15840;25255;11669;47.9
240200493;CC du Pays du Vermandois;31079;9437;15634;6081;50.2
240200501;CC du Val de l'Aisne;20233;5938;10500;3803;51.9
240200519;CC du Canton d'Oulchy-le-Château;5600;1631;3032;952;54
240200576;CC de la Champagne Picarde;20844;6197;10942;3682;52.6
240200584;CC du Canton de Charly-sur-Marne;15609;4595;8042;3005;51.4
240200592;CC du Chemin des Dames;5492;1634;2819;1043;51.3
240200600;CC des Trois Rivières;20889;6259;10279;4471;48.9
240200634;CC des Portes de la Thiérache;6806;1957;3362;1601;48.6
240300491;CC du Pays de Lapalisse;8429;2045;4136;2285;48.9
240300558;CC du Pays de Tronçais;7469;1400;3580;2511;47.8
240300566;CC du Val de Cher;5517;1367;2780;1403;50.1
240300657;CC du Pays d'Huriel;7382;1874;3761;1803;50.6
240400440;CC Pays Forcalquier et Montagne de Lure;9985;2237;4828;2921;48.4
240500439;CC du Briançonnais;19117;5082;10381;4256;52.6
240500462;CC du Pays des Ecrins;6543;1655;3471;1468;52.6
240600551;CA de la Riviera Française;73935;18203;37827;17860;51.2
240600585;CA de Sophia Antipolis;180750;46142;89771;43004;50.2
240600593;CC du Pays des Paillons;21470;5509;10954;4922;51.2
240700302;CC du Pays Beaume-Drobie;9060;2013;4262;2719;47.4
240700617;CC Val de Ligne;6115;1443;2947;1753;48
240700716;CC du Val d'Ay;5949;1603;2941;1423;49.3
240700815;CC Berg et Coiron;7916;2115;3927;1813;50
240700864;CC du Rhône aux Gorges de l'Ardèche;18911;5091;9442;4384;49.9
240800821;CC Ardenne, Rives de Meuse;25969;7027;13402;5823;51.1
240800847;CC des Portes du Luxembourg;19783;5671;10048;4198;50.4
240800862;CC des Crêtes Préardennaises;21760;6148;11213;4455;51.4
240800920;CC de l'Argonne Ardennaise;16957;4486;8273;4422;48.2
240900431;CC du Pays de Tarascon;8412;1837;4080;2481;48.6
240900464;CC du Pays d'Olmes;14818;2991;7054;4788;47.6
241000223;CC Forêts, Lacs, Terres en Champagne;6884;2068;3497;1307;50.9
241000405;CC de la Région de Bar-sur-Aube;10744;2561;5339;2989;49
241000447;CC du Pays d'Othe;7737;2066;3781;1910;48.7
241000488;CC de l'Orvin et de l'Ardusson;8438;2405;4250;1785;50.4
241100593;CA Le Grand Narbonne;131649;33448;62134;35370;47.4
241200187;CA Rodez Agglomération;56218;16001;27942;12137;49.8
241200542;CC du Réquistanais;5264;1073;2437;1773;46.1
241200567;CC de Millau Grands Causses;28973;7343;14455;7698;49
241200625;CC du Pays Rignacois;5639;1480;2815;1328;50.1
241200641;CC Conques-Marcillac;12067;2927;5947;3175;49.4
241200658;CC du Pays de Salars;7936;2084;4092;1746;51.7
241200674;CC du Plateau de Montbazens;6161;1458;2927;1769;47.6
241200765;CC de Lévézou Pareloup;5312;1123;2624;1594;49.1
241200807;CC Aveyron Bas Ségala Viaur;5544;1105;2628;1805;47.4
241200906;CC Larzac et Vallées;6627;1484;3313;1552;52.2
241200914;CC de la Muse et des Raspes du Tarn;5479;1180;2685;1646;48.7
241300375;CC Vallée des Baux-Alpilles (CC VBA);27762;6411;13648;7777;49
241300417;CA d'Arles-Crau-Camargue-Montagnette;83698;22910;40810;19826;48.8
241400415;CC Cœur Côte Fleurie;20605;4041;9115;7463;44.2
241400514;CC du Pays de Falaise;27565;8142;13808;5774;49.8
241400555;CC de Bayeux Intercom;29775;7555;14379;7781;48.4
241400860;CC Cœur de Nacre;23864;5835;11306;6585;47.7
241400878;CC Terre d'Auge;19404;4965;9807;4402;51.1
241500230;CA du Bassin d'Aurillac;53538;13555;26817;13035;50.2
241500255;CC du Pays Gentiane;6647;1208;3255;2257;48.4
241500271;CC du Pays de Mauriac;6603;1390;3260;1977;49.2
241501055;CC Sumène - Artense;8271;1606;4048;2689;48.5
241501089;CC Cère et Goul en Carladès;4935;1027;2443;1445;49.7
241501139;CC du Pays de Salers;8401;1529;4087;2850;48.3
241600303;CC du Rouillacais;9893;2545;5040;2400;50.5
241700434;CA de La Rochelle;175608;48252;83484;42540;47.9
241700459;CC de l'Île de Ré;17503;3283;8068;6039;46.4
241700517;CC Cœur de Saintonge;17468;4719;8964;3660;51.7
241700624;CC de l'Île d'Oléron;22076;3975;9828;8169;44.7
241700632;CC de Gémozac et de la Saintonge Viticole;14617;3685;7441;3421;51.1
241700640;CA Royan Atlantique;84382;14817;35951;32892;43
241700699;CC du Bassin de Marennes;15505;3529;7478;4480;48.3
241800374;CC La Septaine;10779;3378;5650;1755;52.4
241800424;CC Le Dunois;7290;1809;3664;1899;49.7
241800432;CC Les Trois Provinces;5031;1055;2336;1694;45.9
241800457;CC FerCher;11456;2953;5762;2781;50.1
241800507;CA Bourges Plus;102434;27883;50701;24042;49.4
241900133;CC de Ventadour - Egletons - Monédières;10113;2766;4731;2650;46.6
241927201;CA Tulle Agglo;44194;10835;21770;12053;48.7
241927243;CC du Pays d'Uzerche;9879;2127;4954;2794;50.2
242000354;CA de Bastia;62237;16822;32138;13280;51.6
242000495;CC de l'Alta Rocca;8523;1895;4324;2300;50.8
242000503;CC Celavu-Prunelli;9117;2086;4855;2003;54.3
242010056;CA du Pays Ajaccien;89990;22689;45912;19882;51.9
242010130;CC du Sartenais Valinco Taravo;11744;2565;5897;3088;51.1
242020071;CC du Centre Corse;9868;3989;4018;1832;40.8
242020105;CC de Calvi Balagne;12641;3117;6662;2793;53
242100154;CC des Vallées de la Tille et de l'Ignon;13702;4201;6999;2494;51.1
242100410;Dijon Métropole;256758;83587;122039;49501;47.8
242101434;CC du Pays Châtillonnais;19519;4511;9499;5605;48.4
242101442;CC de Saulieu;5278;1159;2511;1622;47.4
242101459;CC du Pays d'Alésia et de la Seine;7407;1810;3756;1894;50.3
242101491;CC du Montbardois;10330;2406;5070;2914;48.8
242101509;CC Rives de Saône;20439;5824;10341;4290;50.6
242200715;CC du Kreiz-Breizh (CCKB);18170;4035;8839;5322;48.6
242300135;CC du Pays Sostranien;10380;2473;4987;3047;47.5
242320000;CC de Bénévent Grand Bourg;6817;1389;3211;2279;46.7
242320109;CC du Pays Dunois;6933;1242;3214;2502;46.2
242400752;CC Périgord-Limousin;14030;2764;6718;4618;47.6
242400935;CC du Pays de Saint-Aulaye;6678;1440;3058;2188;45.7
242401024;CC Isle-Loue-Auvézère en Périgord;13626;2572;6722;4337;49.3
242500320;CC de Montbenoît;8102;2720;4185;1087;52.4
242500338;CC du Grand Pontarlier;28131;8124;14398;5210;51.9
242500361;CU Grand Besançon Métropole;196278;65076;93826;36843;47.9
242504116;CC du Val de Morteau;20949;6128;11285;3480;54
242504181;CC des Portes du Haut-Doubs;26617;8814;13329;4297;50.4
242504355;CC du Plateau de Russey;6787;2132;3631;990;53.8
242504371;CC du Pays de Sancey-Belleherbe;5491;1549;2708;1222;49.4
242504447;CC du Doubs Baumois;16035;4609;7958;3459;49.7
242504488;CC Altitude 800;6557;2065;3242;1173;50
242504496;CC du Plateau de Frasne et du Val de Drugeon (CFD);6210;2014;3229;918;52.4
242600252;CC du Val de Drôme en Biovallée;30632;8829;15448;6164;50.7
242600492;CC Dieulefit-Bourdeaux;9556;2189;4567;2781;47.9
242600534;CC du Diois;11845;2583;5894;3268;50.2
242700276;CC du Pays de Conches;18411;5475;9705;3360;52.3
242700607;CC du Pays du Neubourg;22555;6901;11660;4020;51.6
242852465;CC du Bonnevalais;12199;3411;6081;2755;49.7
242900074;CC du Pays d'Iroise;49096;13847;24138;10644;49.6
242900314;Brest Métropole;211156;69326;103093;38737;48.8
242900553;CC du Pays des Abers;41552;12379;20927;8094;50.5
242900561;CC de Haute Cornouaille;14891;3623;7373;3868;49.6
242900629;CC Cap Sizun - Pointe du Raz;15271;2757;6813;5722;44.6
242900645;CC Douarnenez Communauté;18164;3972;8928;5327;49
242900660;CC du Pays Fouesnantais;28859;6301;13693;8481;48.1
242900694;CA Quimperlé Communauté;56069;14161;28081;13751;50.2
242900702;CC du Pays Bigouden Sud;37694;7853;17715;11962;47.2
242900710;CC du Haut Pays Bigouden;18450;4713;9275;4346;50.6
242900744;CC Poher communauté;15317;3751;7453;4133;48.6
242900751;CC du Pays de Landivisiau;33303;10185;17007;5905;51.4
242900769;CA Concarneau Cornouaille Agglomération;51442;11678;25045;14252;49.1
242900793;CC Communauté Lesneven Côte des Légendes;27425;7562;13691;6190;49.9
242900801;CA du Pays de Landerneau-Daoulas;49277;14609;25288;9133;51.6
242900835;CA Morlaix Communauté;64524;16269;31376;16958;48.6
243000270;CC du Pays Viganais;9926;2194;4997;2815;49.9
243000296;CC du Pays de Sommières;24107;6967;12245;4683;51.2
243000569;CC Rhony, Vistre, Vidourle;27765;7924;14039;5364;51.4
243000585;CC Beaucaire Terre d'Argence;31143;9354;15877;6062;50.7
243000593;CC de Petite Camargue;27331;7789;13904;5400;51.3
243000643;CA de Nîmes Métropole;257570;78958;125037;53671;48.5
243000650;CC Terre de Camargue;20596;4338;9849;6328;48
243000684;CC du Pont du Gard;25345;7131;13104;5109;51.7
243100518;Toulouse Métropole;806503;266748;410665;118790;51.6
243100567;CC Lauragais Revel Sorezois;21653;5377;10501;5711;48.6
243100633;CA du Sicoval;81269;25058;41403;13896;51.5
243100732;CC des Coteaux du Girou;22269;6425;11835;3665;54
243100773;CC Val'Aïgo;18218;5365;9239;3358;51.4
243100781;CC de la Save au Touch;41897;13094;22698;5873;54.5
243100815;CC des Coteaux Bellevue;20899;5888;11083;3649;53.7
243200391;CC de la Lomagne Gersoise;19135;4313;9057;5803;47.2
243200409;CC du Bas Armagnac;8599;1891;4117;2553;48.1
243200417;CC de la Tenarèze;14419;3079;6770;4628;46.8
243200425;CC Cœur d'Astarac en Gascogne;7690;1646;3580;2445;46.7
243200458;CC du Grand Armagnac;13357;2645;6413;4249;48.2
243200508;CC Bastides et Vallons du Gers;6993;1332;3371;2353;47.8
243200599;CC du Saves;9730;2365;4798;2465;49.8
243200607;CC Artagnan de Fezensac;7012;1434;3271;2301;46.7
243300316;Bordeaux Métropole;819604;264497;415334;134219;51
243300563;CA Bassin d'Arcachon Sud (COBAS);68175;14877;31802;21506;46.6
243300811;CC de l'Estuaire;15767;4284;8057;3434;51.1
243301165;CC Jalle-Eau-Bourde;32035;8638;16541;6915;51.5
243301181;CC Latitude Nord Gironde;21103;6729;10850;3223;52.2
243301215;CC du Créonnais;18096;5442;9314;3029;52.4
243301223;CC du Grand Cubzaguais;36948;11013;19186;6023;53
243301249;CC Les Rives de la Laurence;28559;8382;14553;5259;51.6
243301264;CC de Montesquieu;46038;13717;24145;7361;53.4
243301355;CC Les Coteaux Bordelais;21207;5657;10822;4260;52.2
243301371;CC du Pays Foyen;16623;4167;7650;4820;46
243301389;CC Médullienne;22016;6631;11835;3275;54.4
243301397;CC du Fronsadais;17452;4949;9053;3296;52.3
243301405;CC du Val de l'Eyre;21206;6461;11009;3295;53
243301439;CC des Portes de l'Entre-deux-Mers;21971;6057;11276;4352;52
243301447;CC Médoc Estuaire;29964;8936;16031;4524;54.4
243301454;CC Castillon/Pujols;19014;4962;9419;4673;49.4
243301504;CA du Bassin d'Arcachon Nord;70808;16816;34508;18379;49.5
243400017;Montpellier Méditerranée Métropole;499761;166664;242708;82044;49.4
243400355;CC du Clermontais;28410;8048;13928;6160;49.5
243400470;CA du Pays de l'Or;45099;10701;22288;11901;49.6
243400488;CC La Domitienne;28852;7874;14019;6717;49
243400520;CC du Pays de Lunel;51191;15005;25931;10003;50.9
243400694;CC Vallée de l'Hérault;41070;12202;20680;7412;51.3
243400736;CC des Cévennes Gangeoises et Suménoises;13156;3397;6236;3529;47.4
243400769;CA de Béziers-Méditerranée;127786;35308;59853;31807;47.1
243400819;CA Hérault-Méditerranée;80165;19801;37825;22633;47.1
243500139;Rennes Métropole;462580;159933;226728;70756;49.6
243500550;CC Montfort Communauté;26134;8427;13535;4082;52
243500618;CC Brocéliande Communauté;18981;6084;9764;2977;51.9
243500634;CC Roche aux Fées Communauté;26834;8612;13186;4915;49.4
243500659;CC Pays de Châteaugiron Communauté;27347;8869;14364;3697;53.3
243500667;CC Val d'Ille-Aubigné;38080;12638;19721;5123;52.6
243500725;CC Côte d'Émeraude;32125;6894;14158;10676;44.6
243500733;CC Bretagne Romantique;35872;11290;17902;6331;50.4
243500741;CA Redon Agglomération;66727;18689;32814;15152;49.2
243500774;CC Liffré-Cormier Communauté;27058;9172;13688;3881;51.2
243500782;CA du Pays de Saint Malo Agglomération;85342;21301;40399;22937;47.7
243600202;CC Chabris - Pays de Bazelle;6167;1336;2854;2002;46.1
243600236;CC du Pays d'Issoudun;19311;4612;9608;5324;49.2
243600293;CC de la Région de Levroux;6273;1585;3120;1616;49.4
243600301;CC Val de l'Indre - Brenne;13464;3516;6609;3408;48.8
243600319;CC Brenne - Val de Creuse;17655;4155;8341;5267;47
243600327;CA Châteauroux Métropole;73022;19893;35997;16877;49.5
243600343;CC Cœur de Brenne;4697;937;2186;1578;46.5
243600350;CC de la Châtre et Sainte-Sévère;16208;3384;7718;5187;47.4
243700499;CC du Castelrenaudais;16532;4772;8700;3166;52.3
243700754;Tours Métropole Val de Loire;298041;93217;141593;61264;47.8
243700820;CC de Bléré Val de Cher;21555;5852;10855;4807;50.5
243800604;CA Porte de l'Isère (C.A.P.I);109717;37720;55378;15551;51
243800745;CC de l'Oisans;10658;2813;5815;2044;54.5
243800935;CC Lyon Saint Exupéry en Dauphiné;29311;9785;14825;4346;51.2
243800984;CA du Pays Voironnais;94501;27029;48063;19038;51.1
243801024;CC du Massif du Vercors;11926;3327;6235;2279;52.7
243801073;CC de Bièvre Est;22700;6912;11654;3862;52
243801255;CC des Collines du Nord Dauphiné;25130;7696;13035;4220;52.2
243900354;CC de la Station des Rousses-Haut Jura;7162;2042;4134;961;57.9
243900420;CC du Val d'Amour;9056;2564;4343;2128;48.1
243900479;CC Haut-Jura Arcade Communauté;9150;2778;4863;1568;52.8
243900560;CC Jura Nord;11739;3530;6017;2131;51.5
243900610;CC La Grandvallière;5415;1486;2921;996;54.1
243901089;CC de la Plaine Jurassienne;9153;2454;4414;2300;48.1
244000543;CC de Mimizan;12636;2528;6045;3960;48.2
244000659;CC du Seignanx;28770;7687;14389;6094;51.1
244000675;CA du Grand Dax;56850;13649;27070;14938;48.6
244000691;CC du Pays Morcenais;9370;2060;4450;2855;47.5
244000766;CC du Pays Tarusate;17827;4424;8919;4371;50.4
244000774;CC du Pays de Villeneuve en Armagnac Landais;6249;1591;3115;1558;49.7
244000808;CA Mont-de-Marsan Agglomération;54172;14826;27966;11084;51.9
244000824;CC du Pays Grenadois;7689;1977;3869;1811;50.5
244000857;CC Côte Landes Nature;12235;2541;6110;3442;50.5
244000865;CC Maremne Adour Côte Sud;69473;16471;34599;17298;50.6
244000873;CC des Grands Lacs;30562;7007;15034;8035;50
244000881;CC Coteaux et Vallées des Luys;7639;1856;3699;2074;48.5
244100293;CC des Collines du Perche;5986;1316;2911;1790;48.4
244100780;CC de la Sologne des Étangs;8632;2095;4316;2266;49.7
244100798;CC du Grand Chambord;20659;5554;10696;4460;51.6
244100806;CC de la Sologne des Rivières;10489;2294;4991;3261;47.3
244200614;CC des Vals d'Aix et Isable;5881;1548;2840;1497;48.3
244200622;CC des Monts du Pilat;15430;4174;7586;3570;49.5
244200630;CC du Pays entre Loire et Rhône;14082;4189;6743;3034;48.3
244200770;Saint-Etienne Métropole;406868;128730;190288;86461;46.9
244200820;CC du Pays d'Urfé;5161;1228;2545;1424;49
244200895;CC du Pilat Rhodanien;16859;4699;8755;3385;52
244300307;CC du Pays de Montfaucon;8018;2125;3927;1963;49
244301016;CC des Sucs;18202;5101;8933;4107;49.2
244301099;CC Auzon Communauté;9366;2328;4593;2417;49.2
244301107;CC du Haut-Lignon;8059;1921;3807;2331;47.2
244301123;CC des Pays de Cayres et de Pradelles;5159;1168;2493;1513;48.2
244301131;CC Loire et Semène;20523;6223;10306;3966;50.3
244400404;Nantes Métropole;672420;217887;339185;108132;51
244400438;CC Grand Lieu Communauté;40900;13244;21132;5840;52.5
244400453;CC de la Région de Blain;16545;5309;8268;2803;50.5
244400503;CC d'Erdre et Gesvres;65977;21505;34102;8939;52.8
244400537;CC de Nozay;16149;5424;8229;2412;51.2
244400552;CC du Pays d'Ancenis;68327;21949;34169;11776;50.3
244400586;CC du Sud Estuaire;30691;8128;15268;6977;50.3
244400610;CA de la Presqu'île de Guérande Atlantique (Cap Atlantique);75716;16647;34711;23761;46.2
244400644;CA de la Région Nazairienne et de l'Estuaire (CARENE);128857;37297;62074;28024;48.7
244500203;CA Montargoise et Rives du Loing (A.M.E.);62408;18463;29522;14532;47.2
244500211;CC Giennoises;24025;6634;11832;5818;48.7
244500419;CC des Quatre Vallées;17195;4875;8546;3848;49.5
244500427;CC des Loges;43016;12688;21838;8109;51.2
244500468;Orléans Métropole;290346;94822;142662;50746;49.5
244500484;CC de la Forêt;17375;5421;8986;2876;52
244500542;CC de la Plaine du Nord Loiret;6847;2061;3561;1255;51.8
244600433;CC de la Vallée du Lot et du Vignoble;14456;2840;6753;4872;46.7
244600482;CC Quercy - Bouriane;10028;1877;4756;3425;47.3
244600532;CC du Pays de Lalbenque-Limogne;8626;1872;4154;2475;48.9
244600573;CC du Causse de Labastide-Murat;3920;721;1890;1298;48.4
244700449;CC du Pays de Duras;5736;1279;2725;1736;47.5
244700464;CC du Pays de Lauzun;10324;2123;4650;3599;44.8
244701355;CC des Coteaux et Landes de Gascogne;12418;2672;5886;3844;47.5
244701405;CC Lot et Tolzac;7360;1786;3467;2111;47.1
244800405;CC Cœur de Lozère;15659;4801;7836;3001;50.1
244800470;CC du Gévaudan;9647;2450;4732;2456;49.1
244900015;CU Angers Loire Métropole;303535;103257;142038;57105;47
244900809;CC Anjou Bleu Communauté;34615;10494;16573;7419;48.1
244900882;CC Baugeois Vallée;34966;10625;17237;7449;48.8
245100615;CC de la Grande Vallée de la Marne;14407;3731;7538;3238;52
245100888;CC de la Brie Champenoise;7580;2088;3766;1727;49.7
245100979;CC du Sud Marnais;5813;1614;2934;1294;50.2
245200597;CC des Trois Forêts;7440;1813;3693;1988;49.3
245300223;CC du Pays de Meslay-Grez;13782;4337;6848;2625;49.6
245300355;CC de l'Ernée;20624;6260;9896;4677;47.5
245300389;CC du Bocage Mayennais;18540;4592;8659;5420;46.4
245300447;CC du Pays de Château-Gontier;30189;9087;14695;6506;48.5
245400171;CC Moselle et Madon;28330;7876;14536;6010;51.1
245400189;CC des Pays du Sel et du Vermois;29012;8147;14756;6089;50.9
245400262;CA Grand Longwy Agglomération;62931;17863;33036;11534;52.9
245400510;CC du Pays de Colombey et du Sud Toulois;11261;3517;5846;1973;51.6
245400601;CC du Bassin de Pompey;39939;11228;19995;8934;49.8
245400676;Métropole du Grand Nancy;256928;89343;122321;46251;47.4
245400759;CC du Pays du Sanon;5859;1695;3034;1168;51.4
245500327;CC du Sammiellois;8430;2137;4396;1971;51.7
245501176;CC du Territoire de Fresnes-en-Woëvre;4763;1295;2444;1020;51.4
245501184;CC du Pays de Revigny-sur-Ornain;7089;1885;3660;1608;51.2
245501242;CC du Pays d'Étain;7519;2295;3764;1500;49.8
245501259;CC du Pays de Montmédy;6964;1957;3821;1220;54.6
245600440;CC de Blavet Bellevue Océan;18317;5127;9651;3470;52.9
245600465;CC de Belle-Île-en-Mer;5528;1184;2720;1578;49.6
245614383;CC Questembert Communauté;24015;6815;11931;5127;50
245614417;CC Roi Morvan Communauté;24533;5490;11790;7205;48.2
245614433;CC Pontivy Communauté;46475;13207;23006;10243;49.5
245700133;CC du District Urbain de Faulquemont (DUF);24225;6648;12922;4707;53.2
245700372;CA de Forbach Porte de France;76391;20235;40871;15658;53.2
245700398;CC de Freyming-Merlebach;31532;8703;15788;7050;50.1
245700695;CC de Cattenom et Environs;27409;7772;15764;3773;57.7
245700950;CC du Pays de Phalsbourg;17321;4732;9352;3352;53.6
245701164;CC du Warndt;17716;4584;9597;3774;53.4
245701206;CC du Saulnois;28365;7875;14654;5996;51.4
245701222;CA du Val de Fensch;71066;20271;36080;14421;51
245701271;CC du Pays Orne Moselle;52936;14481;27908;10452;52.8
245701354;CC de l'Arc Mosellan;35242;10006;19054;6090;54.2
245701362;CA Portes de France-Thionville;82041;21679;43581;15667;53.9
245701404;CC du Pays Haut Val d'Alzette;29402;7899;15808;5488;54.1
245801063;CC Loire et Allier;7223;1837;3749;1635;51.9
245804406;CA de Nevers;64617;17406;31292;16742;47.8
245804497;CC du Nivernais Bourbonnais;5270;1318;2684;1377;49.9
245900428;CU de Dunkerque;192635;59246;97457;37952;50.1
245900758;CC Flandre Lys;39993;12283;20005;7181;50.7
245901038;CC du Pays Solesmois;14678;4368;7483;2898;50.7
245901152;CC Cœur d'Ostrevent;70668;22700;35682;12418;50.4
245901160;CA Valenciennes Métropole;191916;63572;95448;33530;49.6
246000129;CC du Liancourtois;23934;7374;12550;3919;52.6
246000376;CC du Clermontois;37467;11157;19790;6333;53.1
246000566;CC du Plateau Picard;30041;9340;15936;4863;52.9
246000582;CC des Sablons;38428;12844;20083;5480;52.3
246000707;CC du Vexin-Thelle;20519;6087;10832;3554;52.9
246000749;CC des Lisières de l'Oise;16164;4557;8470;3130;52.4
246000756;CC du Pays Noyonnais;32519;10298;16218;6077;49.8
246000764;CC de l'Aire Cantilienne;44588;11826;23486;9551;52.4
246000772;CC des Deux Vallées;22644;6503;11828;4435;52
246000848;CC de la Picardie Verte;32391;9854;16461;6243;50.6
246000855;CC du Pays des Sources;22096;6608;11809;3662;53.5
246000871;CC du Pays de Valois;55425;17388;29917;8537;53.6
246000897;CC de la Plaine d'Estrées;18227;5644;9650;2875;53.1
246000913;CC du Pays de Bray;18248;5570;9634;3090;52.7
246000921;CC des Pays d'Oise et d'Halatte;34267;10242;18318;5739;53.4
246100390;CC du Val d'Orne;5657;1592;2761;1299;48.8
246100663;CU d'Alençon;55816;16299;26730;12972;47.7
246200299;CA d'Hénin-Carvin;126895;41618;63845;21502;50.3
246200364;CA de Lens - Liévin;242238;77550;120945;42773;50.1
246200380;CC de la Terre des Deux Caps;22288;6798;11448;4003;51.5
246200729;CA du Boulonnais;112077;33530;55743;22819;49.7
246200844;CC de la Région d'Audruicq;28012;8946;14680;4191;52.8
246201016;CC du Pays de Lumbres;24172;7731;12426;3997;51.4
246300701;Clermont Auvergne Métropole;295821;94123;142350;59706;48.1
246300966;CC du Massif du Sancy;9638;1986;5062;2593;52.5
246301097;CC Entre Dore et Allier;19382;5329;9880;4003;51.4
246400337;CC de la Vallée d'Ossau;9688;2124;4827;2711;50
246401756;CC Pays de Nay;28901;8055;14542;6250;50.4
246500482;CC de la Haute-Bigorre;16538;3396;8048;5148;48.5
246500573;CC Aure Louron;6906;1497;3692;1740;53.3
246600282;CC Sud-Roussillon;24156;5401;11119;7424;46.4
246600373;CC du Vallespir;20376;4565;9442;6357;46.4
246600399;CC Pyrénées Cerdagne;8725;2200;4654;1819;53.7
246600415;CC Roussillon-Conflent;18608;5215;9075;4213;49
246600423;CC Agly Fenouillèdes;6344;1351;3034;1994;47.6
246600449;CC des Aspres;22446;5874;11464;4759;51.9
246600464;CC Pyrénées catalanes;5887;1627;3199;1128;53.7
246600548;CC du Haut Vallespir;9830;1757;4395;3570;45.2
246700306;CC de la Vallée de la Bruche;20588;5413;10730;4565;51.8
246700488;Eurométropole de Strasbourg;511552;166859;255832;82581;50.6
246700744;CC des Portes de Rosheim;18170;4568;9879;3586;54.8
246700777;CC de la Vallée de Villé;10686;2706;5639;2372;52.6
246700843;CC de la Basse-Zorn;17630;4528;9548;3440;54.5
246700926;CC du Pays de Wissembourg;15710;3852;8529;3374;54.1
246700959;CC du Pays de la Zorn;16177;4400;8671;3039;53.8
246700967;CC de Sélestat;36969;10302;19640;6921;53.3
246701064;CC de la Région de Molsheim-Mutzig;40693;11315;21611;7613;53.3
246701080;CC du Pays de Sainte-Odile;19157;5046;9893;3929;52.4
246701098;CC du Pays de Niederbronn-les-Bains;23395;5984;12245;5160;52.4
246800205;CC de la Vallée de Saint-Amarin;12212;2886;6200;3197;50.5
246800395;CC du Val d'Argent;9351;2571;4863;1983;51.6
246800445;CC du Centre du Haut-Rhin;16261;4786;8511;2756;53
246800494;CC du Pays de Rouffach, Vignobles et Châteaux;12852;3327;6733;2903;51.9
246800551;CC de la Vallée de Kaysersberg;16133;3985;8525;3699;52.6
246800569;CC de la Région de Guebwiller;37999;10381;19900;7788;52.3
246800577;CC du Pays de Ribeauvillé;18241;4648;9588;4059;52.4
246800585;CC de la Vallée de Munster;16242;3999;8391;3853;51.7
246800676;CC de la Vallée de la Doller et du Soultzbach;15972;4224;8404;3379;52.5
246800726;CA Colmar Agglomération;113968;31844;59145;23159;51.8
246900575;CC de l'Est Lyonnais (CCEL);41971;13058;21446;7196;51.4
246900625;CC du Pays de l'Arbresle (CCPA);38481;11646;19809;6982;51.5
246900724;CC des Vallons du Lyonnais (CCVL);31247;9551;15850;5540;51.2
246900740;CC du Pays Mornantais (COPAMO);29440;8970;15290;4960;52.3
246900757;CC de la Vallée du Garon (CCVG);32185;9698;15723;6325;49.5
246900765;CC du Pays de l'Ozon;26903;8036;13507;4848;51.2
247000011;CA de Vesoul;31979;8678;16161;7243;50.4
247000367;CC des Combes;7574;2087;3865;1650;50.8
247000623;CC des Quatre Rivières;9470;2409;4392;2684;46.3
247000664;CC du Pays de Lure;19482;5489;9848;4236;50.3
247000698;CC des Monts de Gy;6145;1801;3177;1178;51.6
247000706;CC du Pays Riolais;13090;4126;6734;2094;52
247000714;CC du Pays de Villersexel;7797;1999;3947;1890;50.4
247000722;CC du Pays d'Héricourt;21053;5818;10742;4518;51
247000755;CC du Pays de Luxeuil;14877;3917;7369;3561;49.6
247000821;CC Rahin et Chérimont;11724;3293;5990;2499;50.8
247000854;CC des 1000 étangs;8338;1906;4218;2289;50.1
247100290;CU Le Creusot Montceau-les-Mines;91612;22934;43891;25480;47.5
247100589;CA Le Grand Chalon;114258;31694;56957;25607;49.8
247100639;CC de Marcigny;6043;1432;2842;1814;46.7
247100647;CC Bresse Nord Intercom';6537;1477;3041;2016;46.5
247103765;CC Entre Saône et Grosne;11062;2881;5612;2641;50.4
247103864;CC de Semur-en-Brionnais;5191;1232;2532;1417;48.9
247104094;CC Sud Côte Chalonnaise;11514;2911;5880;2708;51.1
247200090;CC Communauté de communes du Pays Sabolien;28490;8794;14010;5768;49
247200132;CU Le Mans Métropole;208700;64029;98463;44580;47.5
247200348;CC du Pays Fléchois;27122;8243;13002;5672;48.3
247200421;CC du Sud Est Manceau;17672;5302;8853;3477;50.2
247200447;CC Orée de Bercé - Belinois;19419;5838;9893;3755;50.8
247200629;CC du Val de Sarthe;30389;9144;15542;5725;51.1
247200686;CC du Pays de l'Huisne Sarthoise;28514;7945;14241;6422;49.8
247300015;CC des Vallées d'Aigueblanche;7192;1857;3961;1434;54.6
247300254;CC de Haute-Tarentaise;15482;4139;8946;2397;57.8
247300262;CC de Yenne;7352;2023;3737;1498;51.5
247300361;CC du Canton de La Chambre;7414;1889;3834;1666;51.9
247300452;CC Maurienne Galibier;5420;1361;2742;1329;50.5
247300528;CC Val Guiers;12278;3542;6166;2572;50.2
247300668;CC du Lac d'Aiguebelette (CCLA);6156;1705;3227;1149;53.1
247300676;CC Porte de Maurienne;6923;1881;3644;1377;52.8
247300817;CC Les Versants d'Aime;9699;2597;5383;1688;55.7
247400047;CC de la Vallée Verte;8227;2433;4563;1161;55.9
247400112;CC du Pays de Cruseilles;16533;5181;9040;1917;56
247400567;CC Fier et Usses;15868;4815;8693;2116;55.6
247400583;CC Arve et Salève;20255;6022;11017;3035;54.9
247400617;CC des Vallées de Thônes;18581;5348;9877;3329;53.2
247400666;CC des Quatre Rivières;19742;5980;10780;2772;55.2
247400682;CC du Haut-Chablais;12846;3408;7069;2344;55.1
247400690;CC du Genevois;48578;15043;27394;5874;56.7
247400724;CC du Pays Rochois;28675;8764;15861;3744;55.9
247400740;CC Rumilly Terre de Savoie;32618;10219;16851;5036;52.5
247400773;CC des Sources du Lac d'Annecy;15254;3973;7680;3492;50.7
247600505;CC Campagne-de-Caux;15038;4791;7731;2505;51.4
247600588;CC des Villes Sœurs;36073;8813;17863;9836;48.9
247600604;CC de Londinières;5195;1471;2614;1135;50.1
247600620;CC Yvetot Normandie;26035;7357;13454;5411;51.3
247600646;CC Caux - Austreberthe;25189;7668;12863;4811;50.8
247600729;CC Falaises du Talou;23604;6953;12182;4491;51.6
247600786;CA de la Région Dieppoise;45775;11764;21940;12205;47.8
247700032;CC Moret Seine et Loing;39229;11013;20379;7588;52.3
247700057;CA Melun Val de Seine;134869;45839;67443;19981;50.6
247700065;CC du Pays de l'Ourcq;17375;6064;9009;2366;51.7
247700107;CC Pays de Montereau;44861;15413;20953;7623;47.6
247700339;CA Val d'Europe Agglomération;52768;18539;28386;4945;54.7
247700594;CA Marne et Gondoire;108133;35609;59628;12711;55.2
247700644;CC l'Orée de la Brie;28691;9244;14930;4153;52.7
247700701;CC Brie Nangissienne;28065;9471;14543;3934;52
247800550;CC du Pays Houdanais (C.C.P.H.);29907;8828;15666;5296;52.6
247800584;CA Versailles Grand Parc (C.A.V.G.P.);267395;85112;135577;47856;50.5
247800618;CC Cœur d'Yvelines;50577;15257;25731;9307;51.2
247900798;CC du Thouarsais;35495;9309;17424;8832;49
248000499;CC du Val de Somme;26744;7745;14021;4973;52.4
248000531;CA Amiens Métropole;182017;64786;87254;30034;47.9
248000747;CC du Pays du Coquelicot;28237;8116;14193;5920;50.3
248100158;CC du Sor et de l'Agout;22985;6030;11733;5125;51.3
248100430;CA de Castres Mazamet;78503;20613;36722;20940;46.9
248100497;CC Val 81;5567;1298;2672;1588;48.1
248100737;CA de l'Albigeois (C2A);82582;23020;38413;20919;46.6
248100745;CC Thoré Montagne Noire;5057;1097;2334;1625;46.2
248200016;CC des Deux Rives;18810;4916;9288;4550;49.5
248200057;CC du Quercy Caussadais;20355;5186;9751;5321;48.1
248200065;CC de la Lomagne Tarn-et-Garonnaise;10072;2450;4733;2870;47.1
248200099;CA Grand Montauban;78933;23152;39052;16301;49.7
248200107;CC du Quercy Rouergue et des Gorges de l'Aveyron;7717;1495;3607;2562;47.1
248300394;CA Sud Sainte Baume;62968;12989;28421;20050;46.2
248300410;CC de la Vallée du Gapeau;32380;8354;16689;7035;52
248300493;CA Dracénie Provence Verdon Agglomération;108951;28510;53722;25794;49.7
248300543;Métropole Toulon-Provence-Méditerranée;444634;114809;215545;112875;48.6
248300550;CC Cœur du Var;44194;12457;22012;9439;50.1
248400053;CA Ventoux-Comtat-Venaissin (COVE);70930;19078;34214;17006;48.7
248400160;CC Aygues-Ouvèze en Provence (CCAOP);19937;5639;10146;4009;51.3
248400236;CC du Pays Réuni d'Orange;44587;13199;22147;9628;49.2
248400251;CA du Grand Avignon (COGA);193914;58244;95510;39536;49.4
248400285;CC Territoriale Sud-Luberon;25226;6835;12856;5453;51.1
248400293;CA des Sorgues du Comtat;50385;14897;25163;10105;50.2
248400319;CC du Pays des Sorgues et des Monts de Vaucluse;33790;8709;16999;8120;50.3
248400335;CC Vaison Ventoux;16679;3841;7955;4872;47.7
248500191;CC de l'Île de Noirmoutier;9182;1648;4137;3441;44.8
248500258;CC Océan Marais de Monts;19488;3880;8751;6708;45.3
248500340;CC Pays de Chantonnay;22985;6952;11564;4360;50.6
248500415;CC du Pays de la Châtaigneraie;15598;4079;7555;3981;48.4
248500464;CC du Pays de Pouzauges;23179;6778;11670;4768;50.3
248500530;CC du Pays des Achards;19532;5859;9993;3395;51.9
248500563;CC Vendée, Sèvre, Autise;16178;4329;7914;3936;48.9
248500589;CA La Roche-sur-Yon Agglomération;98290;30855;48160;18755;49.3
248500621;CC du Pays des Herbiers;30226;9229;15672;5230;52
248500662;CC du Pays de Mortagne;27953;8271;14227;5323;51.1
248600413;CA Grand Châtellerault;83569;22401;40882;20331;48.9
248600447;CC du Pays Loudunais;24350;6144;11969;6319;49
248700189;CC du Pays de Saint-Yrieix;12081;2361;5838;3839;48.5
248719262;CC Gartempe Saint-Pardoux;5099;1108;2495;1523;48.7
248719288;CC du Val de Vienne;16256;4379;8358;3480;51.5
248719312;CU Limoges Métropole;207053;62698;98323;45930;47.5
248719338;CC Briance-Combade;5303;1048;2653;1641;49.7
248719353;CC des Portes de Vassivière;5674;1083;2667;1891;47.3
248719361;CC de Noblat;11724;2900;5861;3027;49.7
248900334;CA du Grand Sénonais;59349;16632;28827;13743;48.7
248900383;CC de l'Agglomération Migennoise;14888;4394;7265;3307;48.5
248900524;CC de l'Aillantais en Bourgogne;10250;2803;5240;2311;50.6
248900664;CC de la Vanne et du Pays d'Othe;8462;2147;4224;2148;49.6
248900748;CC du Gâtinais en Bourgogne;17545;4988;8841;3669;50.5
248900896;CC Yonne Nord;24396;7151;12251;5075;50.1
248900938;CC du Jovinien;20806;6030;10130;4852;48.2
249000241;CC du Sud Territoire;23628;6651;12196;4743;51.7
249100074;CC du Pays de Limours (CCPL);27026;8196;14140;4546;52.6
249100157;CC des Deux Vallées;18587;4934;9708;3958;52.2
249100546;CC du Val d'Essonne (CCVE);61349;19050;31822;9807;52.4
249100553;CC Entre Juine et Renarde (CCEJR);27615;8118;14473;4930;52.6
249100595;CC Le Dourdannais en Hurepoix (CCDH);26431;8076;13286;4799;50.8
249500109;CA de Cergy-Pontoise;213763;78847;111096;22455;52.3
249500430;CC Sausseron Impressionnistes;19172;5521;10121;3545;52.8
249500455;CC de la Vallée de l'Oise et des Trois Forêts;38783;12034;19970;6920;51.3
249500489;CC du Haut Val d'Oise;39774;13896;20595;4856;52.3
249500513;CC du Vexin-Val de Seine;16709;5179;8656;2901;51.7
249710047;CC de Marie-Galante;10512;2789;5208;2568;49.3
249710062;CA du Nord Basse-Terre;77587;23346;40095;13301;52.2
249710070;CA Grand Sud Caraïbe;76639;21473;38492;17221;49.9
249720053;CA de l'Espace Sud de la Martinique;114520;30605;60831;23388;53
249720061;CA du Centre de la Martinique;150518;42770;78972;30361;51.9
249730037;CC de l'Ouest Guyanais;96306;55862;38253;2642;39.5
249730045;CA du Centre Littoral;151887;64595;72301;11046;48.9
249730052;CC de l'Est Guyanais;7307;4077;2847;281;39.5
249740077;CA CIVIS (Communauté Intercommunale des VIlles Solidaires);180758;65494;94319;21721;52
249740085;CA du Sud;131368;46177;66486;17205;51.2
249740093;CA Intercommunale de la Réunion Est (CIREST);127537;50167;63685;13250;50.1
249740101;CA Territoire de la Côte Ouest (TCO);211983;72880;113359;24532;53.8
249740119;CA Intercommunale du Nord de la Réunion (CINOR);211437;78189;108462;25285;51.2