lon,lat
42.19,-4.331363636363637
42.19,-4.092727272727274
42.19,-3.85409090909091
42.19,-3.615454545454546
42.19,-3.3768181818181824
42.19,-3.1381818181818186
42.19,-2.899545454545455
42.19,-2.660909090909091
42.19,-2.4222727272727274
42.19,-2.1836363636363636
42.19,-1.9449999999999998
42.19,-1.706363636363636
42.19,-1.4677272727272723
42.19,-1.2290909090909086
42.19,-0.9904545454545449
42.19,-0.7518181818181813
42.19,-0.5131818181818176
42.19,-0.274545454545454
42.19,-0.035909090909090335
42.19,0.2027272727272733
42.19,0.44136363636363696
42.19,0.6800000000000006
42.19,0.9186363636363643
42.19,1.157272727272728
42.19,1.3959090909090914
42.19,1.6345454545454552
42.19,1.873181818181819
42.19,2.1118181818181827
42.19,2.3504545454545465
42.19,2.58909090909091
42.19,2.827727272727274
42.19,3.0663636363636377
42.19,3.3050000000000015
42.19,3.5436363636363652
42.19,3.782272727272729
42.19,4.020909090909092
42.19,4.259545454545456
42.19,4.498181818181819
42.19,4.736818181818182
42.19,4.975454545454546
42.19,5.214090909090909
42.19,5.452727272727272
42.19,5.6913636363636355
42.19,5.929999999999999
42.19,6.168636363636362
42.19,6.4072727272727255
42.19,6.645909090909089
42.19,6.884545454545452
42.19,7.123181818181815
42.19,7.361818181818179
42.19,7.600454545454542
42.19,7.839090909090905
42.19,8.07772727272727
42.19,8.316363636363633
42.428636363636365,-4.57
42.428636363636365,-4.331363636363637
42.428636363636365,-4.092727272727274
42.428636363636365,-3.85409090909091
42.428636363636365,-3.615454545454546
42.428636363636365,-3.3768181818181824
42.428636363636365,-3.1381818181818186
42.428636363636365,-2.899545454545455
42.428636363636365,-2.660909090909091
42.428636363636365,-2.4222727272727274
42.428636363636365,-2.1836363636363636
42.428636363636365,-1.9449999999999998
42.428636363636365,-1.706363636363636
42.428636363636365,-1.4677272727272723
42.428636363636365,-1.2290909090909086
42.428636363636365,-0.9904545454545449
42.428636363636365,-0.7518181818181813
42.428636363636365,-0.5131818181818176
42.428636363636365,-0.274545454545454
42.428636363636365,-0.035909090909090335
42.428636363636365,0.2027272727272733
42.428636363636365,0.44136363636363696
42.428636363636365,0.6800000000000006
42.428636363636365,0.9186363636363643
42.428636363636365,1.157272727272728
42.428636363636365,1.3959090909090914
42.428636363636365,1.6345454545454552
42.428636363636365,1.873181818181819
42.428636363636365,2.1118181818181827
42.428636363636365,2.3504545454545465
42.428636363636365,2.58909090909091
42.428636363636365,2.827727272727274
42.428636363636365,3.0663636363636377
42.428636363636365,3.3050000000000015
42.428636363636365,3.5436363636363652
42.428636363636365,3.782272727272729
42.428636363636365,4.020909090909092
42.428636363636365,4.259545454545456
42.428636363636365,4.498181818181819
42.428636363636365,4.736818181818182
42.428636363636365,4.975454545454546
42.428636363636365,5.214090909090909
42.428636363636365,5.452727272727272
42.428636363636365,5.6913636363636355
42.428636363636365,5.929999999999999
42.428636363636365,6.168636363636362
42.428636363636365,6.4072727272727255
42.428636363636365,6.645909090909089
42.428636363636365,6.884545454545452
42.428636363636365,7.123181818181815
42.428636363636365,7.361818181818179
42.428636363636365,7.600454545454542
42.428636363636365,7.839090909090905
42.428636363636365,8.07772727272727
42.428636363636365,8.316363636363633
42.66727272727273,-4.57
42.66727272727273,-4.331363636363637
42.66727272727273,-4.092727272727274
42.66727272727273,-3.85409090909091
42.66727272727273,-3.615454545454546
42.66727272727273,-3.3768181818181824
42.66727272727273,-3.1381818181818186
42.66727272727273,-2.899545454545455
42.66727272727273,-2.660909090909091
42.66727272727273,-2.4222727272727274
42.66727272727273,-2.1836363636363636
42.66727272727273,-1.9449999999999998
42.66727272727273,-1.706363636363636
42.66727272727273,-1.4677272727272723
42.66727272727273,-1.2290909090909086
42.66727272727273,-0.9904545454545449
42.66727272727273,-0.7518181818181813
42.66727272727273,-0.5131818181818176
42.66727272727273,-0.274545454545454
42.66727272727273,-0.035909090909090335
42.66727272727273,0.2027272727272733
42.66727272727273,0.44136363636363696
42.66727272727273,0.6800000000000006
42.66727272727273,0.9186363636363643
42.66727272727273,1.157272727272728
42.66727272727273,1.3959090909090914
42.66727272727273,1.6345454545454552
42.66727272727273,1.873181818181819
42.66727272727273,2.1118181818181827
42.66727272727273,2.3504545454545465
42.66727272727273,2.58909090909091
42.66727272727273,2.827727272727274
42.66727272727273,3.0663636363636377
42.66727272727273,3.3050000000000015
42.66727272727273,3.5436363636363652
42.66727272727273,3.782272727272729
42.66727272727273,4.020909090909092
42.66727272727273,4.259545454545456
42.66727272727273,4.498181818181819
42.66727272727273,4.736818181818182
42.66727272727273,4.975454545454546
42.66727272727273,5.214090909090909
42.66727272727273,5.452727272727272
42.66727272727273,5.6913636363636355
42.66727272727273,5.929999999999999
42.66727272727273,6.168636363636362
42.66727272727273,6.4072727272727255
42.66727272727273,6.645909090909089
42.66727272727273,6.884545454545452
42.66727272727273,7.123181818181815
42.66727272727273,7.361818181818179
42.66727272727273,7.600454545454542
42.66727272727273,7.839090909090905
42.66727272727273,8.07772727272727
42.66727272727273,8.316363636363633
42.9059090909091,-4.57
42.9059090909091,-4.331363636363637
42.9059090909091,-4.092727272727274
42.9059090909091,-3.85409090909091
42.9059090909091,-3.615454545454546
42.9059090909091,-3.3768181818181824
42.9059090909091,-3.1381818181818186
42.9059090909091,-2.899545454545455
42.9059090909091,-2.660909090909091
42.9059090909091,-2.4222727272727274
42.9059090909091,-2.1836363636363636
42.9059090909091,-1.9449999999999998
42.9059090909091,-1.706363636363636
42.9059090909091,-1.4677272727272723
42.9059090909091,-1.2290909090909086
42.9059090909091,-0.9904545454545449
42.9059090909091,-0.7518181818181813
42.9059090909091,-0.5131818181818176
42.9059090909091,-0.274545454545454
42.9059090909091,-0.035909090909090335
42.9059090909091,0.2027272727272733
42.9059090909091,0.44136363636363696
42.9059090909091,0.6800000000000006
42.9059090909091,0.9186363636363643
42.9059090909091,1.157272727272728
42.9059090909091,1.3959090909090914
42.9059090909091,1.6345454545454552
42.9059090909091,1.873181818181819
42.9059090909091,2.1118181818181827
42.9059090909091,2.3504545454545465
42.9059090909091,2.58909090909091
42.9059090909091,2.827727272727274
42.9059090909091,3.0663636363636377
42.9059090909091,3.3050000000000015
42.9059090909091,3.5436363636363652
42.9059090909091,3.782272727272729
42.9059090909091,4.020909090909092
42.9059090909091,4.259545454545456
42.9059090909091,4.498181818181819
42.9059090909091,4.736818181818182
42.9059090909091,4.975454545454546
42.9059090909091,5.214090909090909
42.9059090909091,5.452727272727272
42.9059090909091,5.6913636363636355
42.9059090909091,5.929999999999999
42.9059090909091,6.168636363636362
42.9059090909091,6.4072727272727255
42.9059090909091,6.645909090909089
42.9059090909091,6.884545454545452
42.9059090909091,7.123181818181815
42.9059090909091,7.361818181818179
42.9059090909091,7.600454545454542
42.9059090909091,7.839090909090905
42.9059090909091,8.07772727272727
42.9059090909091,8.316363636363633
43.144545454545465,-4.57
43.144545454545465,-4.331363636363637
43.144545454545465,-4.092727272727274
43.144545454545465,-3.85409090909091
43.144545454545465,-3.615454545454546
43.144545454545465,-3.3768181818181824
43.144545454545465,-3.1381818181818186
43.144545454545465,-2.899545454545455
43.144545454545465,-2.660909090909091
43.144545454545465,-2.4222727272727274
43.144545454545465,-2.1836363636363636
43.144545454545465,-1.9449999999999998
43.144545454545465,-1.706363636363636
43.144545454545465,-1.4677272727272723
43.144545454545465,-1.2290909090909086
43.144545454545465,-0.9904545454545449
43.144545454545465,-0.7518181818181813
43.144545454545465,-0.5131818181818176
43.144545454545465,-0.274545454545454
43.144545454545465,-0.035909090909090335
43.144545454545465,0.2027272727272733
43.144545454545465,0.44136363636363696
43.144545454545465,0.6800000000000006
43.144545454545465,0.9186363636363643
43.144545454545465,1.157272727272728
43.144545454545465,1.3959090909090914
43.144545454545465,1.6345454545454552
43.144545454545465,1.873181818181819
43.144545454545465,2.1118181818181827
43.144545454545465,2.3504545454545465
43.144545454545465,2.58909090909091
43.144545454545465,2.827727272727274
43.144545454545465,3.0663636363636377
43.144545454545465,3.3050000000000015
43.144545454545465,3.5436363636363652
43.144545454545465,3.782272727272729
43.144545454545465,4.020909090909092
43.144545454545465,4.259545454545456
43.144545454545465,4.498181818181819
43.144545454545465,4.736818181818182
43.144545454545465,4.975454545454546
43.144545454545465,5.214090909090909
43.144545454545465,5.452727272727272
43.144545454545465,5.6913636363636355
43.144545454545465,5.929999999999999
43.144545454545465,6.168636363636362
43.144545454545465,6.4072727272727255
43.144545454545465,6.645909090909089
43.144545454545465,6.884545454545452
43.144545454545465,7.123181818181815
43.144545454545465,7.361818181818179
43.144545454545465,7.600454545454542
43.144545454545465,7.839090909090905
43.144545454545465,8.07772727272727
43.144545454545465,8.316363636363633
43.38318181818183,-4.57
43.38318181818183,-4.331363636363637
43.38318181818183,-4.092727272727274
43.38318181818183,-3.85409090909091
43.38318181818183,-3.615454545454546
43.38318181818183,-3.3768181818181824
43.38318181818183,-3.1381818181818186
43.38318181818183,-2.899545454545455
43.38318181818183,-2.660909090909091
43.38318181818183,-2.4222727272727274
43.38318181818183,-2.1836363636363636
43.38318181818183,-1.9449999999999998
43.38318181818183,-1.706363636363636
43.38318181818183,-1.4677272727272723
43.38318181818183,-1.2290909090909086
43.38318181818183,-0.9904545454545449
43.38318181818183,-0.7518181818181813
43.38318181818183,-0.5131818181818176
43.38318181818183,-0.274545454545454
43.38318181818183,-0.035909090909090335
43.38318181818183,0.2027272727272733
43.38318181818183,0.44136363636363696
43.38318181818183,0.6800000000000006
43.38318181818183,0.9186363636363643
43.38318181818183,1.157272727272728
43.38318181818183,1.3959090909090914
43.38318181818183,1.6345454545454552
43.38318181818183,1.873181818181819
43.38318181818183,2.1118181818181827
43.38318181818183,2.3504545454545465
43.38318181818183,2.58909090909091
43.38318181818183,2.827727272727274
43.38318181818183,3.0663636363636377
43.38318181818183,3.3050000000000015
43.38318181818183,3.5436363636363652
43.38318181818183,3.782272727272729
43.38318181818183,4.020909090909092
43.38318181818183,4.259545454545456
43.38318181818183,4.498181818181819
43.38318181818183,4.736818181818182
43.38318181818183,4.975454545454546
43.38318181818183,5.214090909090909
43.38318181818183,5.452727272727272
43.38318181818183,5.6913636363636355
43.38318181818183,5.929999999999999
43.38318181818183,6.168636363636362
43.38318181818183,6.4072727272727255
43.38318181818183,6.645909090909089
43.38318181818183,6.884545454545452
43.38318181818183,7.123181818181815
43.38318181818183,7.361818181818179
43.38318181818183,7.600454545454542
43.38318181818183,7.839090909090905
43.38318181818183,8.07772727272727
43.38318181818183,8.316363636363633
43.6218181818182,-4.57
43.6218181818182,-4.331363636363637
43.6218181818182,-4.092727272727274
43.6218181818182,-3.85409090909091
43.6218181818182,-3.615454545454546
43.6218181818182,-3.3768181818181824
43.6218181818182,-3.1381818181818186
43.6218181818182,-2.899545454545455
43.6218181818182,-2.660909090909091
43.6218181818182,-2.4222727272727274
43.6218181818182,-2.1836363636363636
43.6218181818182,-1.9449999999999998
43.6218181818182,-1.706363636363636
43.6218181818182,-1.4677272727272723
43.6218181818182,-1.2290909090909086
43.6218181818182,-0.9904545454545449
43.6218181818182,-0.7518181818181813
43.6218181818182,-0.5131818181818176
43.6218181818182,-0.274545454545454
43.6218181818182,-0.035909090909090335
43.6218181818182,0.2027272727272733
43.6218181818182,0.44136363636363696
43.6218181818182,0.6800000000000006
43.6218181818182,0.9186363636363643
43.6218181818182,1.157272727272728
43.6218181818182,1.3959090909090914
43.6218181818182,1.6345454545454552
43.6218181818182,1.873181818181819
43.6218181818182,2.1118181818181827
43.6218181818182,2.3504545454545465
43.6218181818182,2.58909090909091
43.6218181818182,2.827727272727274
43.6218181818182,3.0663636363636377
43.6218181818182,3.3050000000000015
43.6218181818182,3.5436363636363652
43.6218181818182,3.782272727272729
43.6218181818182,4.020909090909092
43.6218181818182,4.259545454545456
43.6218181818182,4.498181818181819
43.6218181818182,4.736818181818182
43.6218181818182,4.975454545454546
43.6218181818182,5.214090909090909
43.6218181818182,5.452727272727272
43.6218181818182,5.6913636363636355
43.6218181818182,5.929999999999999
43.6218181818182,6.168636363636362
43.6218181818182,6.4072727272727255
43.6218181818182,6.645909090909089
43.6218181818182,6.884545454545452
43.6218181818182,7.123181818181815
43.6218181818182,7.361818181818179
43.6218181818182,7.600454545454542
43.6218181818182,7.839090909090905
43.6218181818182,8.07772727272727
43.6218181818182,8.316363636363633
43.860454545454566,-4.57
43.860454545454566,-4.331363636363637
43.860454545454566,-4.092727272727274
43.860454545454566,-3.85409090909091
43.860454545454566,-3.615454545454546
43.860454545454566,-3.3768181818181824
43.860454545454566,-3.1381818181818186
43.860454545454566,-2.899545454545455
43.860454545454566,-2.660909090909091
43.860454545454566,-2.4222727272727274
43.860454545454566,-2.1836363636363636
43.860454545454566,-1.9449999999999998
43.860454545454566,-1.706363636363636
43.860454545454566,-1.4677272727272723
43.860454545454566,-1.2290909090909086
43.860454545454566,-0.9904545454545449
43.860454545454566,-0.7518181818181813
43.860454545454566,-0.5131818181818176
43.860454545454566,-0.274545454545454
43.860454545454566,-0.035909090909090335
43.860454545454566,0.2027272727272733
43.860454545454566,0.44136363636363696
43.860454545454566,0.6800000000000006
43.860454545454566,0.9186363636363643
43.860454545454566,1.157272727272728
43.860454545454566,1.3959090909090914
43.860454545454566,1.6345454545454552
43.860454545454566,1.873181818181819
43.860454545454566,2.1118181818181827
43.860454545454566,2.3504545454545465
43.860454545454566,2.58909090909091
43.860454545454566,2.827727272727274
43.860454545454566,3.0663636363636377
43.860454545454566,3.3050000000000015
43.860454545454566,3.5436363636363652
43.860454545454566,3.782272727272729
43.860454545454566,4.020909090909092
43.860454545454566,4.259545454545456
43.860454545454566,4.498181818181819
43.860454545454566,4.736818181818182
43.860454545454566,4.975454545454546
43.860454545454566,5.214090909090909
43.860454545454566,5.452727272727272
43.860454545454566,5.6913636363636355
43.860454545454566,5.929999999999999
43.860454545454566,6.168636363636362
43.860454545454566,6.4072727272727255
43.860454545454566,6.645909090909089
43.860454545454566,6.884545454545452
43.860454545454566,7.123181818181815
43.860454545454566,7.361818181818179
43.860454545454566,7.600454545454542
43.860454545454566,7.839090909090905
43.860454545454566,8.07772727272727
43.860454545454566,8.316363636363633
44.09909090909093,-4.57
44.09909090909093,-4.331363636363637
44.09909090909093,-4.092727272727274
44.09909090909093,-3.85409090909091
44.09909090909093,-3.615454545454546
44.09909090909093,-3.3768181818181824
44.09909090909093,-3.1381818181818186
44.09909090909093,-2.899545454545455
44.09909090909093,-2.660909090909091
44.09909090909093,-2.4222727272727274
44.09909090909093,-2.1836363636363636
44.09909090909093,-1.9449999999999998
44.09909090909093,-1.706363636363636
44.09909090909093,-1.4677272727272723
44.09909090909093,-1.2290909090909086
44.09909090909093,-0.9904545454545449
44.09909090909093,-0.7518181818181813
44.09909090909093,-0.5131818181818176
44.09909090909093,-0.274545454545454
44.09909090909093,-0.035909090909090335
44.09909090909093,0.2027272727272733
44.09909090909093,0.44136363636363696
44.09909090909093,0.6800000000000006
44.09909090909093,0.9186363636363643
44.09909090909093,1.157272727272728
44.09909090909093,1.3959090909090914
44.09909090909093,1.6345454545454552
44.09909090909093,1.873181818181819
44.09909090909093,2.1118181818181827
44.09909090909093,2.3504545454545465
44.09909090909093,2.58909090909091
44.09909090909093,2.827727272727274
44.09909090909093,3.0663636363636377
44.09909090909093,3.3050000000000015
44.09909090909093,3.5436363636363652
44.09909090909093,3.782272727272729
44.09909090909093,4.020909090909092
44.09909090909093,4.259545454545456
44.09909090909093,4.498181818181819
44.09909090909093,4.736818181818182
44.09909090909093,4.975454545454546
44.09909090909093,5.214090909090909
44.09909090909093,5.452727272727272
44.09909090909093,5.6913636363636355
44.09909090909093,5.929999999999999
44.09909090909093,6.168636363636362
44.09909090909093,6.4072727272727255
44.09909090909093,6.645909090909089
44.09909090909093,6.884545454545452
44.09909090909093,7.123181818181815
44.09909090909093,7.361818181818179
44.09909090909093,7.600454545454542
44.09909090909093,7.839090909090905
44.09909090909093,8.07772727272727
44.09909090909093,8.316363636363633
44.3377272727273,-4.57
44.3377272727273,-4.331363636363637
44.3377272727273,-4.092727272727274
44.3377272727273,-3.85409090909091
44.3377272727273,-3.615454545454546
44.3377272727273,-3.3768181818181824
44.3377272727273,-3.1381818181818186
44.3377272727273,-2.899545454545455
44.3377272727273,-2.660909090909091
44.3377272727273,-2.4222727272727274
44.3377272727273,-2.1836363636363636
44.3377272727273,-1.9449999999999998
44.3377272727273,-1.706363636363636
44.3377272727273,-1.4677272727272723
44.3377272727273,-1.2290909090909086
44.3377272727273,-0.9904545454545449
44.3377272727273,-0.7518181818181813
44.3377272727273,-0.5131818181818176
44.3377272727273,-0.274545454545454
44.3377272727273,-0.035909090909090335
44.3377272727273,0.2027272727272733
44.3377272727273,0.44136363636363696
44.3377272727273,0.6800000000000006
44.3377272727273,0.9186363636363643
44.3377272727273,1.157272727272728
44.3377272727273,1.3959090909090914
44.3377272727273,1.6345454545454552
44.3377272727273,1.873181818181819
44.3377272727273,2.1118181818181827
44.3377272727273,2.3504545454545465
44.3377272727273,2.58909090909091
44.3377272727273,2.827727272727274
44.3377272727273,3.0663636363636377
44.3377272727273,3.3050000000000015
44.3377272727273,3.5436363636363652
44.3377272727273,3.782272727272729
44.3377272727273,4.020909090909092
44.3377272727273,4.259545454545456
44.3377272727273,4.498181818181819
44.3377272727273,4.736818181818182
44.3377272727273,4.975454545454546
44.3377272727273,5.214090909090909
44.3377272727273,5.452727272727272
44.3377272727273,5.6913636363636355
44.3377272727273,5.929999999999999
44.3377272727273,6.168636363636362
44.3377272727273,6.4072727272727255
44.3377272727273,6.645909090909089
44.3377272727273,6.884545454545452
44.3377272727273,7.123181818181815
44.3377272727273,7.361818181818179
44.3377272727273,7.600454545454542
44.3377272727273,7.839090909090905
44.3377272727273,8.07772727272727
44.3377272727273,8.316363636363633
44.576363636363666,-4.57
44.576363636363666,-4.331363636363637
44.576363636363666,-4.092727272727274
44.576363636363666,-3.85409090909091
44.576363636363666,-3.615454545454546
44.576363636363666,-3.3768181818181824
44.576363636363666,-3.1381818181818186
44.576363636363666,-2.899545454545455
44.576363636363666,-2.660909090909091
44.576363636363666,-2.4222727272727274
44.576363636363666,-2.1836363636363636
44.576363636363666,-1.9449999999999998
44.576363636363666,-1.706363636363636
44.576363636363666,-1.4677272727272723
44.576363636363666,-1.2290909090909086
44.576363636363666,-0.9904545454545449
44.576363636363666,-0.7518181818181813
44.576363636363666,-0.5131818181818176
44.576363636363666,-0.274545454545454
44.576363636363666,-0.035909090909090335
44.576363636363666,0.2027272727272733
44.576363636363666,0.44136363636363696
44.576363636363666,0.6800000000000006
44.576363636363666,0.9186363636363643
44.576363636363666,1.157272727272728
44.576363636363666,1.3959090909090914
44.576363636363666,1.6345454545454552
44.576363636363666,1.873181818181819
44.576363636363666,2.1118181818181827
44.576363636363666,2.3504545454545465
44.576363636363666,2.58909090909091
44.576363636363666,2.827727272727274
44.576363636363666,3.0663636363636377
44.576363636363666,3.3050000000000015
44.576363636363666,3.5436363636363652
44.576363636363666,3.782272727272729
44.576363636363666,4.020909090909092
44.576363636363666,4.259545454545456
44.576363636363666,4.498181818181819
44.576363636363666,4.736818181818182
44.576363636363666,4.975454545454546
44.576363636363666,5.214090909090909
44.576363636363666,5.452727272727272
44.576363636363666,5.6913636363636355
44.576363636363666,5.929999999999999
44.576363636363666,6.168636363636362
44.576363636363666,6.4072727272727255
44.576363636363666,6.645909090909089
44.576363636363666,6.884545454545452
44.576363636363666,7.123181818181815
44.576363636363666,7.361818181818179
44.576363636363666,7.600454545454542
44.576363636363666,7.839090909090905
44.576363636363666,8.07772727272727
44.576363636363666,8.316363636363633
44.81500000000003,-4.57
44.81500000000003,-4.331363636363637
44.81500000000003,-4.092727272727274
44.81500000000003,-3.85409090909091
44.81500000000003,-3.615454545454546
44.81500000000003,-3.3768181818181824
44.81500000000003,-3.1381818181818186
44.81500000000003,-2.899545454545455
44.81500000000003,-2.660909090909091
44.81500000000003,-2.4222727272727274
44.81500000000003,-2.1836363636363636
44.81500000000003,-1.9449999999999998
44.81500000000003,-1.706363636363636
44.81500000000003,-1.4677272727272723
44.81500000000003,-1.2290909090909086
44.81500000000003,-0.9904545454545449
44.81500000000003,-0.7518181818181813
44.81500000000003,-0.5131818181818176
44.81500000000003,-0.274545454545454
44.81500000000003,-0.035909090909090335
44.81500000000003,0.2027272727272733
44.81500000000003,0.44136363636363696
44.81500000000003,0.6800000000000006
44.81500000000003,0.9186363636363643
44.81500000000003,1.157272727272728
44.81500000000003,1.3959090909090914
44.81500000000003,1.6345454545454552
44.81500000000003,1.873181818181819
44.81500000000003,2.1118181818181827
44.81500000000003,2.3504545454545465
44.81500000000003,2.58909090909091
44.81500000000003,2.827727272727274
44.81500000000003,3.0663636363636377
44.81500000000003,3.3050000000000015
44.81500000000003,3.5436363636363652
44.81500000000003,3.782272727272729
44.81500000000003,4.020909090909092
44.81500000000003,4.259545454545456
44.81500000000003,4.498181818181819
44.81500000000003,4.736818181818182
44.81500000000003,4.975454545454546
44.81500000000003,5.214090909090909
44.81500000000003,5.452727272727272
44.81500000000003,5.6913636363636355
44.81500000000003,5.929999999999999
44.81500000000003,6.168636363636362
44.81500000000003,6.4072727272727255
44.81500000000003,6.645909090909089
44.81500000000003,6.884545454545452
44.81500000000003,7.123181818181815
44.81500000000003,7.361818181818179
44.81500000000003,7.600454545454542
44.81500000000003,7.839090909090905
44.81500000000003,8.07772727272727
44.81500000000003,8.316363636363633
45.0536363636364,-4.57
45.0536363636364,-4.331363636363637
45.0536363636364,-4.092727272727274
45.0536363636364,-3.85409090909091
45.0536363636364,-3.615454545454546
45.0536363636364,-3.3768181818181824
45.0536363636364,-3.1381818181818186
45.0536363636364,-2.899545454545455
45.0536363636364,-2.660909090909091
45.0536363636364,-2.4222727272727274
45.0536363636364,-2.1836363636363636
45.0536363636364,-1.9449999999999998
45.0536363636364,-1.706363636363636
45.0536363636364,-1.4677272727272723
45.0536363636364,-1.2290909090909086
45.0536363636364,-0.9904545454545449
45.0536363636364,-0.7518181818181813
45.0536363636364,-0.5131818181818176
45.0536363636364,-0.274545454545454
45.0536363636364,-0.035909090909090335
45.0536363636364,0.2027272727272733
45.0536363636364,0.44136363636363696
45.0536363636364,0.6800000000000006
45.0536363636364,0.9186363636363643
45.0536363636364,1.157272727272728
45.0536363636364,1.3959090909090914
45.0536363636364,1.6345454545454552
45.0536363636364,1.873181818181819
45.0536363636364,2.1118181818181827
45.0536363636364,2.3504545454545465
45.0536363636364,2.58909090909091
45.0536363636364,2.827727272727274
45.0536363636364,3.0663636363636377
45.0536363636364,3.3050000000000015
45.0536363636364,3.5436363636363652
45.0536363636364,3.782272727272729
45.0536363636364,4.020909090909092
45.0536363636364,4.259545454545456
45.0536363636364,4.498181818181819
45.0536363636364,4.736818181818182
45.0536363636364,4.975454545454546
45.0536363636364,5.214090909090909
45.0536363636364,5.452727272727272
45.0536363636364,5.6913636363636355
45.0536363636364,5.929999999999999
45.0536363636364,6.168636363636362
45.0536363636364,6.4072727272727255
45.0536363636364,6.645909090909089
45.0536363636364,6.884545454545452
45.0536363636364,7.123181818181815
45.0536363636364,7.361818181818179
45.0536363636364,7.600454545454542
45.0536363636364,7.839090909090905
45.0536363636364,8.07772727272727
45.0536363636364,8.316363636363633
45.29227272727277,-4.57
45.29227272727277,-4.331363636363637
45.29227272727277,-4.092727272727274
45.29227272727277,-3.85409090909091
45.29227272727277,-3.615454545454546
45.29227272727277,-3.3768181818181824
45.29227272727277,-3.1381818181818186
45.29227272727277,-2.899545454545455
45.29227272727277,-2.660909090909091
45.29227272727277,-2.4222727272727274
45.29227272727277,-2.1836363636363636
45.29227272727277,-1.9449999999999998
45.29227272727277,-1.706363636363636
45.29227272727277,-1.4677272727272723
45.29227272727277,-1.2290909090909086
45.29227272727277,-0.9904545454545449
45.29227272727277,-0.7518181818181813
45.29227272727277,-0.5131818181818176
45.29227272727277,-0.274545454545454
45.29227272727277,-0.035909090909090335
45.29227272727277,0.2027272727272733
45.29227272727277,0.44136363636363696
45.29227272727277,0.6800000000000006
45.29227272727277,0.9186363636363643
45.29227272727277,1.157272727272728
45.29227272727277,1.3959090909090914
45.29227272727277,1.6345454545454552
45.29227272727277,1.873181818181819
45.29227272727277,2.1118181818181827
45.29227272727277,2.3504545454545465
45.29227272727277,2.58909090909091
45.29227272727277,2.827727272727274
45.29227272727277,3.0663636363636377
45.29227272727277,3.3050000000000015
45.29227272727277,3.5436363636363652
45.29227272727277,3.782272727272729
45.29227272727277,4.020909090909092
45.29227272727277,4.259545454545456
45.29227272727277,4.498181818181819
45.29227272727277,4.736818181818182
45.29227272727277,4.975454545454546
45.29227272727277,5.214090909090909
45.29227272727277,5.452727272727272
45.29227272727277,5.6913636363636355
45.29227272727277,5.929999999999999
45.29227272727277,6.168636363636362
45.29227272727277,6.4072727272727255
45.29227272727277,6.645909090909089
45.29227272727277,6.884545454545452
45.29227272727277,7.123181818181815
45.29227272727277,7.361818181818179
45.29227272727277,7.600454545454542
45.29227272727277,7.839090909090905
45.29227272727277,8.07772727272727
45.29227272727277,8.316363636363633
45.530909090909134,-4.57
45.530909090909134,-4.331363636363637
45.530909090909134,-4.092727272727274
45.530909090909134,-3.85409090909091
45.530909090909134,-3.615454545454546
45.530909090909134,-3.3768181818181824
45.530909090909134,-3.1381818181818186
45.530909090909134,-2.899545454545455
45.530909090909134,-2.660909090909091
45.530909090909134,-2.4222727272727274
45.530909090909134,-2.1836363636363636
45.530909090909134,-1.9449999999999998
45.530909090909134,-1.706363636363636
45.530909090909134,-1.4677272727272723
45.530909090909134,-1.2290909090909086
45.530909090909134,-0.9904545454545449
45.530909090909134,-0.7518181818181813
45.530909090909134,-0.5131818181818176
45.530909090909134,-0.274545454545454
45.530909090909134,-0.035909090909090335
45.530909090909134,0.2027272727272733
45.530909090909134,0.44136363636363696
45.530909090909134,0.6800000000000006
45.530909090909134,0.9186363636363643
45.530909090909134,1.157272727272728
45.530909090909134,1.3959090909090914
45.530909090909134,1.6345454545454552
45.530909090909134,1.873181818181819
45.530909090909134,2.1118181818181827
45.530909090909134,2.3504545454545465
45.530909090909134,2.58909090909091
45.530909090909134,2.827727272727274
45.530909090909134,3.0663636363636377
45.530909090909134,3.3050000000000015
45.530909090909134,3.5436363636363652
45.530909090909134,3.782272727272729
45.530909090909134,4.020909090909092
45.530909090909134,4.259545454545456
45.530909090909134,4.498181818181819
45.530909090909134,4.736818181818182
45.530909090909134,4.975454545454546
45.530909090909134,5.214090909090909
45.530909090909134,5.452727272727272
45.530909090909134,5.6913636363636355
45.530909090909134,5.929999999999999
45.530909090909134,6.168636363636362
45.530909090909134,6.4072727272727255
45.530909090909134,6.645909090909089
45.530909090909134,6.884545454545452
45.530909090909134,7.123181818181815
45.530909090909134,7.361818181818179
45.530909090909134,7.600454545454542
45.530909090909134,7.839090909090905
45.530909090909134,8.07772727272727
45.530909090909134,8.316363636363633
45.7695454545455,-4.57
45.7695454545455,-4.331363636363637
45.7695454545455,-4.092727272727274
45.7695454545455,-3.85409090909091
45.7695454545455,-3.615454545454546
45.7695454545455,-3.3768181818181824
45.7695454545455,-3.1381818181818186
45.7695454545455,-2.899545454545455
45.7695454545455,-2.660909090909091
45.7695454545455,-2.4222727272727274
45.7695454545455,-2.1836363636363636
45.7695454545455,-1.9449999999999998
45.7695454545455,-1.706363636363636
45.7695454545455,-1.4677272727272723
45.7695454545455,-1.2290909090909086
45.7695454545455,-0.9904545454545449
45.7695454545455,-0.7518181818181813
45.7695454545455,-0.5131818181818176
45.7695454545455,-0.274545454545454
45.7695454545455,-0.035909090909090335
45.7695454545455,0.2027272727272733
45.7695454545455,0.44136363636363696
45.7695454545455,0.6800000000000006
45.7695454545455,0.9186363636363643
45.7695454545455,1.157272727272728
45.7695454545455,1.3959090909090914
45.7695454545455,1.6345454545454552
45.7695454545455,1.873181818181819
45.7695454545455,2.1118181818181827
45.7695454545455,2.3504545454545465
45.7695454545455,2.58909090909091
45.7695454545455,2.827727272727274
45.7695454545455,3.0663636363636377
45.7695454545455,3.3050000000000015
45.7695454545455,3.5436363636363652
45.7695454545455,3.782272727272729
45.7695454545455,4.020909090909092
45.7695454545455,4.259545454545456
45.7695454545455,4.498181818181819
45.7695454545455,4.736818181818182
45.7695454545455,4.975454545454546
45.7695454545455,5.214090909090909
45.7695454545455,5.452727272727272
45.7695454545455,5.6913636363636355
45.7695454545455,5.929999999999999
45.7695454545455,6.168636363636362
45.7695454545455,6.4072727272727255
45.7695454545455,6.645909090909089
45.7695454545455,6.884545454545452
45.7695454545455,7.123181818181815
45.7695454545455,7.361818181818179
45.7695454545455,7.600454545454542
45.7695454545455,7.839090909090905
45.7695454545455,8.07772727272727
45.7695454545455,8.316363636363633
46.00818181818187,-4.57
46.00818181818187,-4.331363636363637
46.00818181818187,-4.092727272727274
46.00818181818187,-3.85409090909091
46.00818181818187,-3.615454545454546
46.00818181818187,-3.3768181818181824
46.00818181818187,-3.1381818181818186
46.00818181818187,-2.899545454545455
46.00818181818187,-2.660909090909091
46.00818181818187,-2.4222727272727274
46.00818181818187,-2.1836363636363636
46.00818181818187,-1.9449999999999998
46.00818181818187,-1.706363636363636
46.00818181818187,-1.4677272727272723
46.00818181818187,-1.2290909090909086
46.00818181818187,-0.9904545454545449
46.00818181818187,-0.7518181818181813
46.00818181818187,-0.5131818181818176
46.00818181818187,-0.274545454545454
46.00818181818187,-0.035909090909090335
46.00818181818187,0.2027272727272733
46.00818181818187,0.44136363636363696
46.00818181818187,0.6800000000000006
46.00818181818187,0.9186363636363643
46.00818181818187,1.157272727272728
46.00818181818187,1.3959090909090914
46.00818181818187,1.6345454545454552
46.00818181818187,1.873181818181819
46.00818181818187,2.1118181818181827
46.00818181818187,2.3504545454545465
46.00818181818187,2.58909090909091
46.00818181818187,2.827727272727274
46.00818181818187,3.0663636363636377
46.00818181818187,3.3050000000000015
46.00818181818187,3.5436363636363652
46.00818181818187,3.782272727272729
46.00818181818187,4.020909090909092
46.00818181818187,4.259545454545456
46.00818181818187,4.498181818181819
46.00818181818187,4.736818181818182
46.00818181818187,4.975454545454546
46.00818181818187,5.214090909090909
46.00818181818187,5.452727272727272
46.00818181818187,5.6913636363636355
46.00818181818187,5.929999999999999
46.00818181818187,6.168636363636362
46.00818181818187,6.4072727272727255
46.00818181818187,6.645909090909089
46.00818181818187,6.884545454545452
46.00818181818187,7.123181818181815
46.00818181818187,7.361818181818179
46.00818181818187,7.600454545454542
46.00818181818187,7.839090909090905
46.00818181818187,8.07772727272727
46.00818181818187,8.316363636363633
46.246818181818234,-4.57
46.246818181818234,-4.331363636363637
46.246818181818234,-4.092727272727274
46.246818181818234,-3.85409090909091
46.246818181818234,-3.615454545454546
46.246818181818234,-3.3768181818181824
46.246818181818234,-3.1381818181818186
46.246818181818234,-2.899545454545455
46.246818181818234,-2.660909090909091
46.246818181818234,-2.4222727272727274
46.246818181818234,-2.1836363636363636
46.246818181818234,-1.9449999999999998
46.246818181818234,-1.706363636363636
46.246818181818234,-1.4677272727272723
46.246818181818234,-1.2290909090909086
46.246818181818234,-0.9904545454545449
46.246818181818234,-0.7518181818181813
46.246818181818234,-0.5131818181818176
46.246818181818234,-0.274545454545454
46.246818181818234,-0.035909090909090335
46.246818181818234,0.2027272727272733
46.246818181818234,0.44136363636363696
46.246818181818234,0.6800000000000006
46.246818181818234,0.9186363636363643
46.246818181818234,1.157272727272728
46.246818181818234,1.3959090909090914
46.246818181818234,1.6345454545454552
46.246818181818234,1.873181818181819
46.246818181818234,2.1118181818181827
46.246818181818234,2.3504545454545465
46.246818181818234,2.58909090909091
46.246818181818234,2.827727272727274
46.246818181818234,3.0663636363636377
46.246818181818234,3.3050000000000015
46.246818181818234,3.5436363636363652
46.246818181818234,3.782272727272729
46.246818181818234,4.020909090909092
46.246818181818234,4.259545454545456
46.246818181818234,4.498181818181819
46.246818181818234,4.736818181818182
46.246818181818234,4.975454545454546
46.246818181818234,5.214090909090909
46.246818181818234,5.452727272727272
46.246818181818234,5.6913636363636355
46.246818181818234,5.929999999999999
46.246818181818234,6.168636363636362
46.246818181818234,6.4072727272727255
46.246818181818234,6.645909090909089
46.246818181818234,6.884545454545452
46.246818181818234,7.123181818181815
46.246818181818234,7.361818181818179
46.246818181818234,7.600454545454542
46.246818181818234,7.839090909090905
46.246818181818234,8.07772727272727
46.246818181818234,8.316363636363633
46.4854545454546,-4.57
46.4854545454546,-4.331363636363637
46.4854545454546,-4.092727272727274
46.4854545454546,-3.85409090909091
46.4854545454546,-3.615454545454546
46.4854545454546,-3.3768181818181824
46.4854545454546,-3.1381818181818186
46.4854545454546,-2.899545454545455
46.4854545454546,-2.660909090909091
46.4854545454546,-2.4222727272727274
46.4854545454546,-2.1836363636363636
46.4854545454546,-1.9449999999999998
46.4854545454546,-1.706363636363636
46.4854545454546,-1.4677272727272723
46.4854545454546,-1.2290909090909086
46.4854545454546,-0.9904545454545449
46.4854545454546,-0.7518181818181813
46.4854545454546,-0.5131818181818176
46.4854545454546,-0.274545454545454
46.4854545454546,-0.035909090909090335
46.4854545454546,0.2027272727272733
46.4854545454546,0.44136363636363696
46.4854545454546,0.6800000000000006
46.4854545454546,0.9186363636363643
46.4854545454546,1.157272727272728
46.4854545454546,1.3959090909090914
46.4854545454546,1.6345454545454552
46.4854545454546,1.873181818181819
46.4854545454546,2.1118181818181827
46.4854545454546,2.3504545454545465
46.4854545454546,2.58909090909091
46.4854545454546,2.827727272727274
46.4854545454546,3.0663636363636377
46.4854545454546,3.3050000000000015
46.4854545454546,3.5436363636363652
46.4854545454546,3.782272727272729
46.4854545454546,4.020909090909092
46.4854545454546,4.259545454545456
46.4854545454546,4.498181818181819
46.4854545454546,4.736818181818182
46.4854545454546,4.975454545454546
46.4854545454546,5.214090909090909
46.4854545454546,5.452727272727272
46.4854545454546,5.6913636363636355
46.4854545454546,5.929999999999999
46.4854545454546,6.168636363636362
46.4854545454546,6.4072727272727255
46.4854545454546,6.645909090909089
46.4854545454546,6.884545454545452
46.4854545454546,7.123181818181815
46.4854545454546,7.361818181818179
46.4854545454546,7.600454545454542
46.4854545454546,7.839090909090905
46.4854545454546,8.07772727272727
46.4854545454546,8.316363636363633
46.72409090909097,-4.57
46.72409090909097,-4.331363636363637
46.72409090909097,-4.092727272727274
46.72409090909097,-3.85409090909091
46.72409090909097,-3.615454545454546
46.72409090909097,-3.3768181818181824
46.72409090909097,-3.1381818181818186
46.72409090909097,-2.899545454545455
46.72409090909097,-2.660909090909091
46.72409090909097,-2.4222727272727274
46.72409090909097,-2.1836363636363636
46.72409090909097,-1.9449999999999998
46.72409090909097,-1.706363636363636
46.72409090909097,-1.4677272727272723
46.72409090909097,-1.2290909090909086
46.72409090909097,-0.9904545454545449
46.72409090909097,-0.7518181818181813
46.72409090909097,-0.5131818181818176
46.72409090909097,-0.274545454545454
46.72409090909097,-0.035909090909090335
46.72409090909097,0.2027272727272733
46.72409090909097,0.44136363636363696
46.72409090909097,0.6800000000000006
46.72409090909097,0.9186363636363643
46.72409090909097,1.157272727272728
46.72409090909097,1.3959090909090914
46.72409090909097,1.6345454545454552
46.72409090909097,1.873181818181819
46.72409090909097,2.1118181818181827
46.72409090909097,2.3504545454545465
46.72409090909097,2.58909090909091
46.72409090909097,2.827727272727274
46.72409090909097,3.0663636363636377
46.72409090909097,3.3050000000000015
46.72409090909097,3.5436363636363652
46.72409090909097,3.782272727272729
46.72409090909097,4.020909090909092
46.72409090909097,4.259545454545456
46.72409090909097,4.498181818181819
46.72409090909097,4.736818181818182
46.72409090909097,4.975454545454546
46.72409090909097,5.214090909090909
46.72409090909097,5.452727272727272
46.72409090909097,5.6913636363636355
46.72409090909097,5.929999999999999
46.72409090909097,6.168636363636362
46.72409090909097,6.4072727272727255
46.72409090909097,6.645909090909089
46.72409090909097,6.884545454545452
46.72409090909097,7.123181818181815
46.72409090909097,7.361818181818179
46.72409090909097,7.600454545454542
46.72409090909097,7.839090909090905
46.72409090909097,8.07772727272727
46.72409090909097,8.316363636363633
46.962727272727335,-4.57
46.962727272727335,-4.331363636363637
46.962727272727335,-4.092727272727274
46.962727272727335,-3.85409090909091
46.962727272727335,-3.615454545454546
46.962727272727335,-3.3768181818181824
46.962727272727335,-3.1381818181818186
46.962727272727335,-2.899545454545455
46.962727272727335,-2.660909090909091
46.962727272727335,-2.4222727272727274
46.962727272727335,-2.1836363636363636
46.962727272727335,-1.9449999999999998
46.962727272727335,-1.706363636363636
46.962727272727335,-1.4677272727272723
46.962727272727335,-1.2290909090909086
46.962727272727335,-0.9904545454545449
46.962727272727335,-0.7518181818181813
46.962727272727335,-0.5131818181818176
46.962727272727335,-0.274545454545454
46.962727272727335,-0.035909090909090335
46.962727272727335,0.2027272727272733
46.962727272727335,0.44136363636363696
46.962727272727335,0.6800000000000006
46.962727272727335,0.9186363636363643
46.962727272727335,1.157272727272728
46.962727272727335,1.3959090909090914
46.962727272727335,1.6345454545454552
46.962727272727335,1.873181818181819
46.962727272727335,2.1118181818181827
46.962727272727335,2.3504545454545465
46.962727272727335,2.58909090909091
46.962727272727335,2.827727272727274
46.962727272727335,3.0663636363636377
46.962727272727335,3.3050000000000015
46.962727272727335,3.5436363636363652
46.962727272727335,3.782272727272729
46.962727272727335,4.020909090909092
46.962727272727335,4.259545454545456
46.962727272727335,4.498181818181819
46.962727272727335,4.736818181818182
46.962727272727335,4.975454545454546
46.962727272727335,5.214090909090909
46.962727272727335,5.452727272727272
46.962727272727335,5.6913636363636355
46.962727272727335,5.929999999999999
46.962727272727335,6.168636363636362
46.962727272727335,6.4072727272727255
46.962727272727335,6.645909090909089
46.962727272727335,6.884545454545452
46.962727272727335,7.123181818181815
46.962727272727335,7.361818181818179
46.962727272727335,7.600454545454542
46.962727272727335,7.839090909090905
46.962727272727335,8.07772727272727
46.962727272727335,8.316363636363633
47.2013636363637,-4.57
47.2013636363637,-4.331363636363637
47.2013636363637,-4.092727272727274
47.2013636363637,-3.85409090909091
47.2013636363637,-3.615454545454546
47.2013636363637,-3.3768181818181824
47.2013636363637,-3.1381818181818186
47.2013636363637,-2.899545454545455
47.2013636363637,-2.660909090909091
47.2013636363637,-2.4222727272727274
47.2013636363637,-2.1836363636363636
47.2013636363637,-1.9449999999999998
47.2013636363637,-1.706363636363636
47.2013636363637,-1.4677272727272723
47.2013636363637,-1.2290909090909086
47.2013636363637,-0.9904545454545449
47.2013636363637,-0.7518181818181813
47.2013636363637,-0.5131818181818176
47.2013636363637,-0.274545454545454
47.2013636363637,-0.035909090909090335
47.2013636363637,0.2027272727272733
47.2013636363637,0.44136363636363696
47.2013636363637,0.6800000000000006
47.2013636363637,0.9186363636363643
47.2013636363637,1.157272727272728
47.2013636363637,1.3959090909090914
47.2013636363637,1.6345454545454552
47.2013636363637,1.873181818181819
47.2013636363637,2.1118181818181827
47.2013636363637,2.3504545454545465
47.2013636363637,2.58909090909091
47.2013636363637,2.827727272727274
47.2013636363637,3.0663636363636377
47.2013636363637,3.3050000000000015
47.2013636363637,3.5436363636363652
47.2013636363637,3.782272727272729
47.2013636363637,4.020909090909092
47.2013636363637,4.259545454545456
47.2013636363637,4.498181818181819
47.2013636363637,4.736818181818182
47.2013636363637,4.975454545454546
47.2013636363637,5.214090909090909
47.2013636363637,5.452727272727272
47.2013636363637,5.6913636363636355
47.2013636363637,5.929999999999999
47.2013636363637,6.168636363636362
47.2013636363637,6.4072727272727255
47.2013636363637,6.645909090909089
47.2013636363637,6.884545454545452
47.2013636363637,7.123181818181815
47.2013636363637,7.361818181818179
47.2013636363637,7.600454545454542
47.2013636363637,7.839090909090905
47.2013636363637,8.07772727272727
47.2013636363637,8.316363636363633
47.44000000000007,-4.57
47.44000000000007,-4.331363636363637
47.44000000000007,-4.092727272727274
47.44000000000007,-3.85409090909091
47.44000000000007,-3.615454545454546
47.44000000000007,-3.3768181818181824
47.44000000000007,-3.1381818181818186
47.44000000000007,-2.899545454545455
47.44000000000007,-2.660909090909091
47.44000000000007,-2.4222727272727274
47.44000000000007,-2.1836363636363636
47.44000000000007,-1.9449999999999998
47.44000000000007,-1.706363636363636
47.44000000000007,-1.4677272727272723
47.44000000000007,-1.2290909090909086
47.44000000000007,-0.9904545454545449
47.44000000000007,-0.7518181818181813
47.44000000000007,-0.5131818181818176
47.44000000000007,-0.274545454545454
47.44000000000007,-0.035909090909090335
47.44000000000007,0.2027272727272733
47.44000000000007,0.44136363636363696
47.44000000000007,0.6800000000000006
47.44000000000007,0.9186363636363643
47.44000000000007,1.157272727272728
47.44000000000007,1.3959090909090914
47.44000000000007,1.6345454545454552
47.44000000000007,1.873181818181819
47.44000000000007,2.1118181818181827
47.44000000000007,2.3504545454545465
47.44000000000007,2.58909090909091
47.44000000000007,2.827727272727274
47.44000000000007,3.0663636363636377
47.44000000000007,3.3050000000000015
47.44000000000007,3.5436363636363652
47.44000000000007,3.782272727272729
47.44000000000007,4.020909090909092
47.44000000000007,4.259545454545456
47.44000000000007,4.498181818181819
47.44000000000007,4.736818181818182
47.44000000000007,4.975454545454546
47.44000000000007,5.214090909090909
47.44000000000007,5.452727272727272
47.44000000000007,5.6913636363636355
47.44000000000007,5.929999999999999
47.44000000000007,6.168636363636362
47.44000000000007,6.4072727272727255
47.44000000000007,6.645909090909089
47.44000000000007,6.884545454545452
47.44000000000007,7.123181818181815
47.44000000000007,7.361818181818179
47.44000000000007,7.600454545454542
47.44000000000007,7.839090909090905
47.44000000000007,8.07772727272727
47.44000000000007,8.316363636363633
47.678636363636436,-4.57
47.678636363636436,-4.331363636363637
47.678636363636436,-4.092727272727274
47.678636363636436,-3.85409090909091
47.678636363636436,-3.615454545454546
47.678636363636436,-3.3768181818181824
47.678636363636436,-3.1381818181818186
47.678636363636436,-2.899545454545455
47.678636363636436,-2.660909090909091
47.678636363636436,-2.4222727272727274
47.678636363636436,-2.1836363636363636
47.678636363636436,-1.9449999999999998
47.678636363636436,-1.706363636363636
47.678636363636436,-1.4677272727272723
47.678636363636436,-1.2290909090909086
47.678636363636436,-0.9904545454545449
47.678636363636436,-0.7518181818181813
47.678636363636436,-0.5131818181818176
47.678636363636436,-0.274545454545454
47.678636363636436,-0.035909090909090335
47.678636363636436,0.2027272727272733
47.678636363636436,0.44136363636363696
47.678636363636436,0.6800000000000006
47.678636363636436,0.9186363636363643
47.678636363636436,1.157272727272728
47.678636363636436,1.3959090909090914
47.678636363636436,1.6345454545454552
47.678636363636436,1.873181818181819
47.678636363636436,2.1118181818181827
47.678636363636436,2.3504545454545465
47.678636363636436,2.58909090909091
47.678636363636436,2.827727272727274
47.678636363636436,3.0663636363636377
47.678636363636436,3.3050000000000015
47.678636363636436,3.5436363636363652
47.678636363636436,3.782272727272729
47.678636363636436,4.020909090909092
47.678636363636436,4.259545454545456
47.678636363636436,4.498181818181819
47.678636363636436,4.736818181818182
47.678636363636436,4.975454545454546
47.678636363636436,5.214090909090909
47.678636363636436,5.452727272727272
47.678636363636436,5.6913636363636355
47.678636363636436,5.929999999999999
47.678636363636436,6.168636363636362
47.678636363636436,6.4072727272727255
47.678636363636436,6.645909090909089
47.678636363636436,6.884545454545452
47.678636363636436,7.123181818181815
47.678636363636436,7.361818181818179
47.678636363636436,7.600454545454542
47.678636363636436,7.839090909090905
47.678636363636436,8.07772727272727
47.678636363636436,8.316363636363633
47.9172727272728,-4.57
47.9172727272728,-4.331363636363637
47.9172727272728,-4.092727272727274
47.9172727272728,-3.85409090909091
47.9172727272728,-3.615454545454546
47.9172727272728,-3.3768181818181824
47.9172727272728,-3.1381818181818186
47.9172727272728,-2.899545454545455
47.9172727272728,-2.660909090909091
47.9172727272728,-2.4222727272727274
47.9172727272728,-2.1836363636363636
47.9172727272728,-1.9449999999999998
47.9172727272728,-1.706363636363636
47.9172727272728,-1.4677272727272723
47.9172727272728,-1.2290909090909086
47.9172727272728,-0.9904545454545449
47.9172727272728,-0.7518181818181813
47.9172727272728,-0.5131818181818176
47.9172727272728,-0.274545454545454
47.9172727272728,-0.035909090909090335
47.9172727272728,0.2027272727272733
47.9172727272728,0.44136363636363696
47.9172727272728,0.6800000000000006
47.9172727272728,0.9186363636363643
47.9172727272728,1.157272727272728
47.9172727272728,1.3959090909090914
47.9172727272728,1.6345454545454552
47.9172727272728,1.873181818181819
47.9172727272728,2.1118181818181827
47.9172727272728,2.3504545454545465
47.9172727272728,2.58909090909091
47.9172727272728,2.827727272727274
47.9172727272728,3.0663636363636377
47.9172727272728,3.3050000000000015
47.9172727272728,3.5436363636363652
47.9172727272728,3.782272727272729
47.9172727272728,4.020909090909092
47.9172727272728,4.259545454545456
47.9172727272728,4.498181818181819
47.9172727272728,4.736818181818182
47.9172727272728,4.975454545454546
47.9172727272728,5.214090909090909
47.9172727272728,5.452727272727272
47.9172727272728,5.6913636363636355
47.9172727272728,5.929999999999999
47.9172727272728,6.168636363636362
47.9172727272728,6.4072727272727255
47.9172727272728,6.645909090909089
47.9172727272728,6.884545454545452
47.9172727272728,7.123181818181815
47.9172727272728,7.361818181818179
47.9172727272728,7.600454545454542
47.9172727272728,7.839090909090905
47.9172727272728,8.07772727272727
47.9172727272728,8.316363636363633
48.15590909090917,-4.57
48.15590909090917,-4.331363636363637
48.15590909090917,-4.092727272727274
48.15590909090917,-3.85409090909091
48.15590909090917,-3.615454545454546
48.15590909090917,-3.3768181818181824
48.15590909090917,-3.1381818181818186
48.15590909090917,-2.899545454545455
48.15590909090917,-2.660909090909091
48.15590909090917,-2.4222727272727274
48.15590909090917,-2.1836363636363636
48.15590909090917,-1.9449999999999998
48.15590909090917,-1.706363636363636
48.15590909090917,-1.4677272727272723
48.15590909090917,-1.2290909090909086
48.15590909090917,-0.9904545454545449
48.15590909090917,-0.7518181818181813
48.15590909090917,-0.5131818181818176
48.15590909090917,-0.274545454545454
48.15590909090917,-0.035909090909090335
48.15590909090917,0.2027272727272733
48.15590909090917,0.44136363636363696
48.15590909090917,0.6800000000000006
48.15590909090917,0.9186363636363643
48.15590909090917,1.157272727272728
48.15590909090917,1.3959090909090914
48.15590909090917,1.6345454545454552
48.15590909090917,1.873181818181819
48.15590909090917,2.1118181818181827
48.15590909090917,2.3504545454545465
48.15590909090917,2.58909090909091
48.15590909090917,2.827727272727274
48.15590909090917,3.0663636363636377
48.15590909090917,3.3050000000000015
48.15590909090917,3.5436363636363652
48.15590909090917,3.782272727272729
48.15590909090917,4.020909090909092
48.15590909090917,4.259545454545456
48.15590909090917,4.498181818181819
48.15590909090917,4.736818181818182
48.15590909090917,4.975454545454546
48.15590909090917,5.214090909090909
48.15590909090917,5.452727272727272
48.15590909090917,5.6913636363636355
48.15590909090917,5.929999999999999
48.15590909090917,6.168636363636362
48.15590909090917,6.4072727272727255
48.15590909090917,6.645909090909089
48.15590909090917,6.884545454545452
48.15590909090917,7.123181818181815
48.15590909090917,7.361818181818179
48.15590909090917,7.600454545454542
48.15590909090917,7.839090909090905
48.15590909090917,8.07772727272727
48.15590909090917,8.316363636363633
48.394545454545536,-4.57
48.394545454545536,-4.331363636363637
48.394545454545536,-4.092727272727274
48.394545454545536,-3.85409090909091
48.394545454545536,-3.615454545454546
48.394545454545536,-3.3768181818181824
48.394545454545536,-3.1381818181818186
48.394545454545536,-2.899545454545455
48.394545454545536,-2.660909090909091
48.394545454545536,-2.4222727272727274
48.394545454545536,-2.1836363636363636
48.394545454545536,-1.9449999999999998
48.394545454545536,-1.706363636363636
48.394545454545536,-1.4677272727272723
48.394545454545536,-1.2290909090909086
48.394545454545536,-0.9904545454545449
48.394545454545536,-0.7518181818181813
48.394545454545536,-0.5131818181818176
48.394545454545536,-0.274545454545454
48.394545454545536,-0.035909090909090335
48.394545454545536,0.2027272727272733
48.394545454545536,0.44136363636363696
48.394545454545536,0.6800000000000006
48.394545454545536,0.9186363636363643
48.394545454545536,1.157272727272728
48.394545454545536,1.3959090909090914
48.394545454545536,1.6345454545454552
48.394545454545536,1.873181818181819
48.394545454545536,2.1118181818181827
48.394545454545536,2.3504545454545465
48.394545454545536,2.58909090909091
48.394545454545536,2.827727272727274
48.394545454545536,3.0663636363636377
48.394545454545536,3.3050000000000015
48.394545454545536,3.5436363636363652
48.394545454545536,3.782272727272729
48.394545454545536,4.020909090909092
48.394545454545536,4.259545454545456
48.394545454545536,4.498181818181819
48.394545454545536,4.736818181818182
48.394545454545536,4.975454545454546
48.394545454545536,5.214090909090909
48.394545454545536,5.452727272727272
48.394545454545536,5.6913636363636355
48.394545454545536,5.929999999999999
48.394545454545536,6.168636363636362
48.394545454545536,6.4072727272727255
48.394545454545536,6.645909090909089
48.394545454545536,6.884545454545452
48.394545454545536,7.123181818181815
48.394545454545536,7.361818181818179
48.394545454545536,7.600454545454542
48.394545454545536,7.839090909090905
48.394545454545536,8.07772727272727
48.394545454545536,8.316363636363633
48.6331818181819,-4.57
48.6331818181819,-4.331363636363637
48.6331818181819,-4.092727272727274
48.6331818181819,-3.85409090909091
48.6331818181819,-3.615454545454546
48.6331818181819,-3.3768181818181824
48.6331818181819,-3.1381818181818186
48.6331818181819,-2.899545454545455
48.6331818181819,-2.660909090909091
48.6331818181819,-2.4222727272727274
48.6331818181819,-2.1836363636363636
48.6331818181819,-1.9449999999999998
48.6331818181819,-1.706363636363636
48.6331818181819,-1.4677272727272723
48.6331818181819,-1.2290909090909086
48.6331818181819,-0.9904545454545449
48.6331818181819,-0.7518181818181813
48.6331818181819,-0.5131818181818176
48.6331818181819,-0.274545454545454
48.6331818181819,-0.035909090909090335
48.6331818181819,0.2027272727272733
48.6331818181819,0.44136363636363696
48.6331818181819,0.6800000000000006
48.6331818181819,0.9186363636363643
48.6331818181819,1.157272727272728
48.6331818181819,1.3959090909090914
48.6331818181819,1.6345454545454552
48.6331818181819,1.873181818181819
48.6331818181819,2.1118181818181827
48.6331818181819,2.3504545454545465
48.6331818181819,2.58909090909091
48.6331818181819,2.827727272727274
48.6331818181819,3.0663636363636377
48.6331818181819,3.3050000000000015
48.6331818181819,3.5436363636363652
48.6331818181819,3.782272727272729
48.6331818181819,4.020909090909092
48.6331818181819,4.259545454545456
48.6331818181819,4.498181818181819
48.6331818181819,4.736818181818182
48.6331818181819,4.975454545454546
48.6331818181819,5.214090909090909
48.6331818181819,5.452727272727272
48.6331818181819,5.6913636363636355
48.6331818181819,5.929999999999999
48.6331818181819,6.168636363636362
48.6331818181819,6.4072727272727255
48.6331818181819,6.645909090909089
48.6331818181819,6.884545454545452
48.6331818181819,7.123181818181815
48.6331818181819,7.361818181818179
48.6331818181819,7.600454545454542
48.6331818181819,7.839090909090905
48.6331818181819,8.07772727272727
48.6331818181819,8.316363636363633
48.87181818181827,-4.57
48.87181818181827,-4.331363636363637
48.87181818181827,-4.092727272727274
48.87181818181827,-3.85409090909091
48.87181818181827,-3.615454545454546
48.87181818181827,-3.3768181818181824
48.87181818181827,-3.1381818181818186
48.87181818181827,-2.899545454545455
48.87181818181827,-2.660909090909091
48.87181818181827,-2.4222727272727274
48.87181818181827,-2.1836363636363636
48.87181818181827,-1.9449999999999998
48.87181818181827,-1.706363636363636
48.87181818181827,-1.4677272727272723
48.87181818181827,-1.2290909090909086
48.87181818181827,-0.9904545454545449
48.87181818181827,-0.7518181818181813
48.87181818181827,-0.5131818181818176
48.87181818181827,-0.274545454545454
48.87181818181827,-0.035909090909090335
48.87181818181827,0.2027272727272733
48.87181818181827,0.44136363636363696
48.87181818181827,0.6800000000000006
48.87181818181827,0.9186363636363643
48.87181818181827,1.157272727272728
48.87181818181827,1.3959090909090914
48.87181818181827,1.6345454545454552
48.87181818181827,1.873181818181819
48.87181818181827,2.1118181818181827
48.87181818181827,2.3504545454545465
48.87181818181827,2.58909090909091
48.87181818181827,2.827727272727274
48.87181818181827,3.0663636363636377
48.87181818181827,3.3050000000000015
48.87181818181827,3.5436363636363652
48.87181818181827,3.782272727272729
48.87181818181827,4.020909090909092
48.87181818181827,4.259545454545456
48.87181818181827,4.498181818181819
48.87181818181827,4.736818181818182
48.87181818181827,4.975454545454546
48.87181818181827,5.214090909090909
48.87181818181827,5.452727272727272
48.87181818181827,5.6913636363636355
48.87181818181827,5.929999999999999
48.87181818181827,6.168636363636362
48.87181818181827,6.4072727272727255
48.87181818181827,6.645909090909089
48.87181818181827,6.884545454545452
48.87181818181827,7.123181818181815
48.87181818181827,7.361818181818179
48.87181818181827,7.600454545454542
48.87181818181827,7.839090909090905
48.87181818181827,8.07772727272727
48.87181818181827,8.316363636363633
49.11045454545464,-4.57
49.11045454545464,-4.331363636363637
49.11045454545464,-4.092727272727274
49.11045454545464,-3.85409090909091
49.11045454545464,-3.615454545454546
49.11045454545464,-3.3768181818181824
49.11045454545464,-3.1381818181818186
49.11045454545464,-2.899545454545455
49.11045454545464,-2.660909090909091
49.11045454545464,-2.4222727272727274
49.11045454545464,-2.1836363636363636
49.11045454545464,-1.9449999999999998
49.11045454545464,-1.706363636363636
49.11045454545464,-1.4677272727272723
49.11045454545464,-1.2290909090909086
49.11045454545464,-0.9904545454545449
49.11045454545464,-0.7518181818181813
49.11045454545464,-0.5131818181818176
49.11045454545464,-0.274545454545454
49.11045454545464,-0.035909090909090335
49.11045454545464,0.2027272727272733
49.11045454545464,0.44136363636363696
49.11045454545464,0.6800000000000006
49.11045454545464,0.9186363636363643
49.11045454545464,1.157272727272728
49.11045454545464,1.3959090909090914
49.11045454545464,1.6345454545454552
49.11045454545464,1.873181818181819
49.11045454545464,2.1118181818181827
49.11045454545464,2.3504545454545465
49.11045454545464,2.58909090909091
49.11045454545464,2.827727272727274
49.11045454545464,3.0663636363636377
49.11045454545464,3.3050000000000015
49.11045454545464,3.5436363636363652
49.11045454545464,3.782272727272729
49.11045454545464,4.020909090909092
49.11045454545464,4.259545454545456
49.11045454545464,4.498181818181819
49.11045454545464,4.736818181818182
49.11045454545464,4.975454545454546
49.11045454545464,5.214090909090909
49.11045454545464,5.452727272727272
49.11045454545464,5.6913636363636355
49.11045454545464,5.929999999999999
49.11045454545464,6.168636363636362
49.11045454545464,6.4072727272727255
49.11045454545464,6.645909090909089
49.11045454545464,6.884545454545452
49.11045454545464,7.123181818181815
49.11045454545464,7.361818181818179
49.11045454545464,7.600454545454542
49.11045454545464,7.839090909090905
49.11045454545464,8.07772727272727
49.11045454545464,8.316363636363633
49.349090909091004,-4.57
49.349090909091004,-4.331363636363637
49.349090909091004,-4.092727272727274
49.349090909091004,-3.85409090909091
49.349090909091004,-3.615454545454546
49.349090909091004,-3.3768181818181824
49.349090909091004,-3.1381818181818186
49.349090909091004,-2.899545454545455
49.349090909091004,-2.660909090909091
49.349090909091004,-2.4222727272727274
49.349090909091004,-2.1836363636363636
49.349090909091004,-1.9449999999999998
49.349090909091004,-1.706363636363636
49.349090909091004,-1.4677272727272723
49.349090909091004,-1.2290909090909086
49.349090909091004,-0.9904545454545449
49.349090909091004,-0.7518181818181813
49.349090909091004,-0.5131818181818176
49.349090909091004,-0.274545454545454
49.349090909091004,-0.035909090909090335
49.349090909091004,0.2027272727272733
49.349090909091004,0.44136363636363696
49.349090909091004,0.6800000000000006
49.349090909091004,0.9186363636363643
49.349090909091004,1.157272727272728
49.349090909091004,1.3959090909090914
49.349090909091004,1.6345454545454552
49.349090909091004,1.873181818181819
49.349090909091004,2.1118181818181827
49.349090909091004,2.3504545454545465
49.349090909091004,2.58909090909091
49.349090909091004,2.827727272727274
49.349090909091004,3.0663636363636377
49.349090909091004,3.3050000000000015
49.349090909091004,3.5436363636363652
49.349090909091004,3.782272727272729
49.349090909091004,4.020909090909092
49.349090909091004,4.259545454545456
49.349090909091004,4.498181818181819
49.349090909091004,4.736818181818182
49.349090909091004,4.975454545454546
49.349090909091004,5.214090909090909
49.349090909091004,5.452727272727272
49.349090909091004,5.6913636363636355
49.349090909091004,5.929999999999999
49.349090909091004,6.168636363636362
49.349090909091004,6.4072727272727255
49.349090909091004,6.645909090909089
49.349090909091004,6.884545454545452
49.349090909091004,7.123181818181815
49.349090909091004,7.361818181818179
49.349090909091004,7.600454545454542
49.349090909091004,7.839090909090905
49.349090909091004,8.07772727272727
49.349090909091004,8.316363636363633
49.58772727272737,-4.57
49.58772727272737,-4.331363636363637
49.58772727272737,-4.092727272727274
49.58772727272737,-3.85409090909091
49.58772727272737,-3.615454545454546
49.58772727272737,-3.3768181818181824
49.58772727272737,-3.1381818181818186
49.58772727272737,-2.899545454545455
49.58772727272737,-2.660909090909091
49.58772727272737,-2.4222727272727274
49.58772727272737,-2.1836363636363636
49.58772727272737,-1.9449999999999998
49.58772727272737,-1.706363636363636
49.58772727272737,-1.4677272727272723
49.58772727272737,-1.2290909090909086
49.58772727272737,-0.9904545454545449
49.58772727272737,-0.7518181818181813
49.58772727272737,-0.5131818181818176
49.58772727272737,-0.274545454545454
49.58772727272737,-0.035909090909090335
49.58772727272737,0.2027272727272733
49.58772727272737,0.44136363636363696
49.58772727272737,0.6800000000000006
49.58772727272737,0.9186363636363643
49.58772727272737,1.157272727272728
49.58772727272737,1.3959090909090914
49.58772727272737,1.6345454545454552
49.58772727272737,1.873181818181819
49.58772727272737,2.1118181818181827
49.58772727272737,2.3504545454545465
49.58772727272737,2.58909090909091
49.58772727272737,2.827727272727274
49.58772727272737,3.0663636363636377
49.58772727272737,3.3050000000000015
49.58772727272737,3.5436363636363652
49.58772727272737,3.782272727272729
49.58772727272737,4.020909090909092
49.58772727272737,4.259545454545456
49.58772727272737,4.498181818181819
49.58772727272737,4.736818181818182
49.58772727272737,4.975454545454546
49.58772727272737,5.214090909090909
49.58772727272737,5.452727272727272
49.58772727272737,5.6913636363636355
49.58772727272737,5.929999999999999
49.58772727272737,6.168636363636362
49.58772727272737,6.4072727272727255
49.58772727272737,6.645909090909089
49.58772727272737,6.884545454545452
49.58772727272737,7.123181818181815
49.58772727272737,7.361818181818179
49.58772727272737,7.600454545454542
49.58772727272737,7.839090909090905
49.58772727272737,8.07772727272727
49.58772727272737,8.316363636363633
49.82636363636374,-4.57
49.82636363636374,-4.331363636363637
49.82636363636374,-4.092727272727274
49.82636363636374,-3.85409090909091
49.82636363636374,-3.615454545454546
49.82636363636374,-3.3768181818181824
49.82636363636374,-3.1381818181818186
49.82636363636374,-2.899545454545455
49.82636363636374,-2.660909090909091
49.82636363636374,-2.4222727272727274
49.82636363636374,-2.1836363636363636
49.82636363636374,-1.9449999999999998
49.82636363636374,-1.706363636363636
49.82636363636374,-1.4677272727272723
49.82636363636374,-1.2290909090909086
49.82636363636374,-0.9904545454545449
49.82636363636374,-0.7518181818181813
49.82636363636374,-0.5131818181818176
49.82636363636374,-0.274545454545454
49.82636363636374,-0.035909090909090335
49.82636363636374,0.2027272727272733
49.82636363636374,0.44136363636363696
49.82636363636374,0.6800000000000006
49.82636363636374,0.9186363636363643
49.82636363636374,1.157272727272728
49.82636363636374,1.3959090909090914
49.82636363636374,1.6345454545454552
49.82636363636374,1.873181818181819
49.82636363636374,2.1118181818181827
49.82636363636374,2.3504545454545465
49.82636363636374,2.58909090909091
49.82636363636374,2.827727272727274
49.82636363636374,3.0663636363636377
49.82636363636374,3.3050000000000015
49.82636363636374,3.5436363636363652
49.82636363636374,3.782272727272729
49.82636363636374,4.020909090909092
49.82636363636374,4.259545454545456
49.82636363636374,4.498181818181819
49.82636363636374,4.736818181818182
49.82636363636374,4.975454545454546
49.82636363636374,5.214090909090909
49.82636363636374,5.452727272727272
49.82636363636374,5.6913636363636355
49.82636363636374,5.929999999999999
49.82636363636374,6.168636363636362
49.82636363636374,6.4072727272727255
49.82636363636374,6.645909090909089
49.82636363636374,6.884545454545452
49.82636363636374,7.123181818181815
49.82636363636374,7.361818181818179
49.82636363636374,7.600454545454542
49.82636363636374,7.839090909090905
49.82636363636374,8.07772727272727
49.82636363636374,8.316363636363633
50.065000000000104,-4.57
50.065000000000104,-4.331363636363637
50.065000000000104,-4.092727272727274
50.065000000000104,-3.85409090909091
50.065000000000104,-3.615454545454546
50.065000000000104,-3.3768181818181824
50.065000000000104,-3.1381818181818186
50.065000000000104,-2.899545454545455
50.065000000000104,-2.660909090909091
50.065000000000104,-2.4222727272727274
50.065000000000104,-2.1836363636363636
50.065000000000104,-1.9449999999999998
50.065000000000104,-1.706363636363636
50.065000000000104,-1.4677272727272723
50.065000000000104,-1.2290909090909086
50.065000000000104,-0.9904545454545449
50.065000000000104,-0.7518181818181813
50.065000000000104,-0.5131818181818176
50.065000000000104,-0.274545454545454
50.065000000000104,-0.035909090909090335
50.065000000000104,0.2027272727272733
50.065000000000104,0.44136363636363696
50.065000000000104,0.6800000000000006
50.065000000000104,0.9186363636363643
50.065000000000104,1.157272727272728
50.065000000000104,1.3959090909090914
50.065000000000104,1.6345454545454552
50.065000000000104,1.873181818181819
50.065000000000104,2.1118181818181827
50.065000000000104,2.3504545454545465
50.065000000000104,2.58909090909091
50.065000000000104,2.827727272727274
50.065000000000104,3.0663636363636377
50.065000000000104,3.3050000000000015
50.065000000000104,3.5436363636363652
50.065000000000104,3.782272727272729
50.065000000000104,4.020909090909092
50.065000000000104,4.259545454545456
50.065000000000104,4.498181818181819
50.065000000000104,4.736818181818182
50.065000000000104,4.975454545454546
50.065000000000104,5.214090909090909
50.065000000000104,5.452727272727272
50.065000000000104,5.6913636363636355
50.065000000000104,5.929999999999999
50.065000000000104,6.168636363636362
50.065000000000104,6.4072727272727255
50.065000000000104,6.645909090909089
50.065000000000104,6.884545454545452
50.065000000000104,7.123181818181815
50.065000000000104,7.361818181818179
50.065000000000104,7.600454545454542
50.065000000000104,7.839090909090905
50.065000000000104,8.07772727272727
50.065000000000104,8.316363636363633
50.30363636363647,-4.57
50.30363636363647,-4.331363636363637
50.30363636363647,-4.092727272727274
50.30363636363647,-3.85409090909091
50.30363636363647,-3.615454545454546
50.30363636363647,-3.3768181818181824
50.30363636363647,-3.1381818181818186
50.30363636363647,-2.899545454545455
50.30363636363647,-2.660909090909091
50.30363636363647,-2.4222727272727274
50.30363636363647,-2.1836363636363636
50.30363636363647,-1.9449999999999998
50.30363636363647,-1.706363636363636
50.30363636363647,-1.4677272727272723
50.30363636363647,-1.2290909090909086
50.30363636363647,-0.9904545454545449
50.30363636363647,-0.7518181818181813
50.30363636363647,-0.5131818181818176
50.30363636363647,-0.274545454545454
50.30363636363647,-0.035909090909090335
50.30363636363647,0.2027272727272733
50.30363636363647,0.44136363636363696
50.30363636363647,0.6800000000000006
50.30363636363647,0.9186363636363643
50.30363636363647,1.157272727272728
50.30363636363647,1.3959090909090914
50.30363636363647,1.6345454545454552
50.30363636363647,1.873181818181819
50.30363636363647,2.1118181818181827
50.30363636363647,2.3504545454545465
50.30363636363647,2.58909090909091
50.30363636363647,2.827727272727274
50.30363636363647,3.0663636363636377
50.30363636363647,3.3050000000000015
50.30363636363647,3.5436363636363652
50.30363636363647,3.782272727272729
50.30363636363647,4.020909090909092
50.30363636363647,4.259545454545456
50.30363636363647,4.498181818181819
50.30363636363647,4.736818181818182
50.30363636363647,4.975454545454546
50.30363636363647,5.214090909090909
50.30363636363647,5.452727272727272
50.30363636363647,5.6913636363636355
50.30363636363647,5.929999999999999
50.30363636363647,6.168636363636362
50.30363636363647,6.4072727272727255
50.30363636363647,6.645909090909089
50.30363636363647,6.884545454545452
50.30363636363647,7.123181818181815
50.30363636363647,7.361818181818179
50.30363636363647,7.600454545454542
50.30363636363647,7.839090909090905
50.30363636363647,8.07772727272727
50.30363636363647,8.316363636363633
50.54227272727284,-4.57
50.54227272727284,-4.331363636363637
50.54227272727284,-4.092727272727274
50.54227272727284,-3.85409090909091
50.54227272727284,-3.615454545454546
50.54227272727284,-3.3768181818181824
50.54227272727284,-3.1381818181818186
50.54227272727284,-2.899545454545455
50.54227272727284,-2.660909090909091
50.54227272727284,-2.4222727272727274
50.54227272727284,-2.1836363636363636
50.54227272727284,-1.9449999999999998
50.54227272727284,-1.706363636363636
50.54227272727284,-1.4677272727272723
50.54227272727284,-1.2290909090909086
50.54227272727284,-0.9904545454545449
50.54227272727284,-0.7518181818181813
50.54227272727284,-0.5131818181818176
50.54227272727284,-0.274545454545454
50.54227272727284,-0.035909090909090335
50.54227272727284,0.2027272727272733
50.54227272727284,0.44136363636363696
50.54227272727284,0.6800000000000006
50.54227272727284,0.9186363636363643
50.54227272727284,1.157272727272728
50.54227272727284,1.3959090909090914
50.54227272727284,1.6345454545454552
50.54227272727284,1.873181818181819
50.54227272727284,2.1118181818181827
50.54227272727284,2.3504545454545465
50.54227272727284,2.58909090909091
50.54227272727284,2.827727272727274
50.54227272727284,3.0663636363636377
50.54227272727284,3.3050000000000015
50.54227272727284,3.5436363636363652
50.54227272727284,3.782272727272729
50.54227272727284,4.020909090909092
50.54227272727284,4.259545454545456
50.54227272727284,4.498181818181819
50.54227272727284,4.736818181818182
50.54227272727284,4.975454545454546
50.54227272727284,5.214090909090909
50.54227272727284,5.452727272727272
50.54227272727284,5.6913636363636355
50.54227272727284,5.929999999999999
50.54227272727284,6.168636363636362
50.54227272727284,6.4072727272727255
50.54227272727284,6.645909090909089
50.54227272727284,6.884545454545452
50.54227272727284,7.123181818181815
50.54227272727284,7.361818181818179
50.54227272727284,7.600454545454542
50.54227272727284,7.839090909090905
50.54227272727284,8.07772727272727
50.54227272727284,8.316363636363633
50.780909090909205,-4.57
50.780909090909205,-4.331363636363637
50.780909090909205,-4.092727272727274
50.780909090909205,-3.85409090909091
50.780909090909205,-3.615454545454546
50.780909090909205,-3.3768181818181824
50.780909090909205,-3.1381818181818186
50.780909090909205,-2.899545454545455
50.780909090909205,-2.660909090909091
50.780909090909205,-2.4222727272727274
50.780909090909205,-2.1836363636363636
50.780909090909205,-1.9449999999999998
50.780909090909205,-1.706363636363636
50.780909090909205,-1.4677272727272723
50.780909090909205,-1.2290909090909086
50.780909090909205,-0.9904545454545449
50.780909090909205,-0.7518181818181813
50.780909090909205,-0.5131818181818176
50.780909090909205,-0.274545454545454
50.780909090909205,-0.035909090909090335
50.780909090909205,0.2027272727272733
50.780909090909205,0.44136363636363696
50.780909090909205,0.6800000000000006
50.780909090909205,0.9186363636363643
50.780909090909205,1.157272727272728
50.780909090909205,1.3959090909090914
50.780909090909205,1.6345454545454552
50.780909090909205,1.873181818181819
50.780909090909205,2.1118181818181827
50.780909090909205,2.3504545454545465
50.780909090909205,2.58909090909091
50.780909090909205,2.827727272727274
50.780909090909205,3.0663636363636377
50.780909090909205,3.3050000000000015
50.780909090909205,3.5436363636363652
50.780909090909205,3.782272727272729
50.780909090909205,4.020909090909092
50.780909090909205,4.259545454545456
50.780909090909205,4.498181818181819
50.780909090909205,4.736818181818182
50.780909090909205,4.975454545454546
50.780909090909205,5.214090909090909
50.780909090909205,5.452727272727272
50.780909090909205,5.6913636363636355
50.780909090909205,5.929999999999999
50.780909090909205,6.168636363636362
50.780909090909205,6.4072727272727255
50.780909090909205,6.645909090909089
50.780909090909205,6.884545454545452
50.780909090909205,7.123181818181815
50.780909090909205,7.361818181818179
50.780909090909205,7.600454545454542
50.780909090909205,7.839090909090905
50.780909090909205,8.07772727272727
50.780909090909205,8.316363636363633
51.01954545454557,-4.57
51.01954545454557,-4.331363636363637
51.01954545454557,-4.092727272727274
51.01954545454557,-3.85409090909091
51.01954545454557,-3.615454545454546
51.01954545454557,-3.3768181818181824
51.01954545454557,-3.1381818181818186
51.01954545454557,-2.899545454545455
51.01954545454557,-2.660909090909091
51.01954545454557,-2.4222727272727274
51.01954545454557,-2.1836363636363636
51.01954545454557,-1.9449999999999998
51.01954545454557,-1.706363636363636
51.01954545454557,-1.4677272727272723
51.01954545454557,-1.2290909090909086
51.01954545454557,-0.9904545454545449
51.01954545454557,-0.7518181818181813
51.01954545454557,-0.5131818181818176
51.01954545454557,-0.274545454545454
51.01954545454557,-0.035909090909090335
51.01954545454557,0.2027272727272733
51.01954545454557,0.44136363636363696
51.01954545454557,0.6800000000000006
51.01954545454557,0.9186363636363643
51.01954545454557,1.157272727272728
51.01954545454557,1.3959090909090914
51.01954545454557,1.6345454545454552
51.01954545454557,1.873181818181819
51.01954545454557,2.1118181818181827
51.01954545454557,2.3504545454545465
51.01954545454557,2.58909090909091
51.01954545454557,2.827727272727274
51.01954545454557,3.0663636363636377
51.01954545454557,3.3050000000000015
51.01954545454557,3.5436363636363652
51.01954545454557,3.782272727272729
51.01954545454557,4.020909090909092
51.01954545454557,4.259545454545456
51.01954545454557,4.498181818181819
51.01954545454557,4.736818181818182
51.01954545454557,4.975454545454546
51.01954545454557,5.214090909090909
51.01954545454557,5.452727272727272
51.01954545454557,5.6913636363636355
51.01954545454557,5.929999999999999
51.01954545454557,6.168636363636362
51.01954545454557,6.4072727272727255
51.01954545454557,6.645909090909089
51.01954545454557,6.884545454545452
51.01954545454557,7.123181818181815
51.01954545454557,7.361818181818179
51.01954545454557,7.600454545454542
51.01954545454557,7.839090909090905
51.01954545454557,8.07772727272727
51.01954545454557,8.316363636363633
51.25818181818194,-4.57
